index,brand,ultra_hd,full_hd,Price,Rating,inches,display_type,wifi,rom,value_score,smart_features,Company_amazon,Company_croma,Company_flipkart,ppi,resolution_width,resolution_height,fast_charging,ram,Spec_Score,size_category,charging_category,brand_category
1,tcl,1,0,10.66895539,4.65,55,qled,1,16,0.006272239,4,0,0,1,3,1,2,1,1,3,1,2,big
2,lg,1,0,10.6454249,4.55,55,led,1,19.2,0.005958475,3,0,0,1,3,1,2,1,1,2,1,2,big
3,xiaomi,1,0,10.51867319,4.35,55,qled,1,32,0.006466391,4,1,0,0,3,1,2,2,1,2,1,1,big
4,lg,1,0,10.34174248,4.4,43,led,1,19.2,0.007380883,3,0,0,1,4,1,2,1,1,2,0,2,big
5,philips,1,0,11.22524339,4.05,75,qled,1,32,0.003618048,4,1,0,0,1,1,2,2,1,4,1,2,big
6,hisense,1,0,10.81977828,4.2,55,miniled,1,28.8,0.005796116,4,0,0,1,3,1,2,1,1,4,1,2,big
7,sony,1,0,11.30209332,4.5,65,led,1,16,0.00344487,4,1,0,0,2,1,2,1,1,3,1,2,big
8,croma,0,0,9.121509158,4.45,32,led,1,16,0.014955515,4,0,1,0,0,0,0,1,1,0,0,2,medium
9,realme,1,0,10.02127059,4.2,55,qled,1,16,0.010267123,4,0,0,1,3,1,2,3,1,2,1,1,big
10,xiaomi,1,0,10.71441777,4.65,55,miniled,1,32,0.006303473,4,1,0,0,3,1,2,1,1,3,1,2,big
11,samsung,1,0,10.4484537,4.55,43,miniled,1,25.6,0.007651493,3,0,0,1,4,1,2,2,1,3,0,2,big
12,xiaomi,0,0,9.121509158,4.5,32,led,1,16,0.014955515,4,0,1,0,0,0,0,1,2,0,0,2,big
13,tcl,1,0,11.40746494,4.4,55,miniled,1,22.4,0.00361818,3.6,0,1,0,3,1,2,1,1,4,1,2,big
14,samsung,1,0,10.736201,4.7,55,miniled,1,28.8,0.006233964,3,0,0,1,3,1,2,2,1,3,1,2,big
15,xiaomi,1,0,10.30895266,4.3,43,qled,1,32,0.008600287,4,1,0,0,4,1,2,2,1,3,0,2,big
16,realme,1,0,9.867860375,4.25,43,qled,1,16,0.011451371,4,0,0,1,4,1,2,2,1,2,0,2,big
17,tcl,1,0,11.60823564,4.45,65,miniled,1,44.8,0.003236393,3,0,0,1,2,1,2,1,2,4,1,2,big
18,hisense,1,0,10.06900199,4.2,43,qled,1,16,0.01121234,4,0,1,0,4,1,2,1,1,3,0,2,big
19,tcl,0,1,9.305650552,4.65,32,led,1,16,0.014955515,3,0,0,1,1,0,1,1,2,0,0,2,big
20,samsung,1,0,10.20359214,4.3,43,led,1,19.2,0.008122523,3,0,0,1,4,1,2,1,1,2,0,2,big
21,lumio,1,0,10.858999,4.7,55,miniled,1,44.8,0.006417431,4,1,0,0,3,1,2,1,2,4,1,2,big
22,motorola,1,0,10.1266311,4.05,43,qled,1,32,0.009072363,4,0,0,1,4,1,2,3,1,2,0,1,big
23,compaq,1,0,9.392661929,4.05,43,led,1,19.2,0.013163597,4,0,0,1,4,1,2,1,2,0,0,2,small
24,sony,1,0,12.34579741,4.3,65,lcd,1,32,0.001542252,4,1,0,0,2,1,2,1,2,4,1,2,big
25,tcl,1,0,10.83940443,4.2,55,qled,1,32,0.005848206,3,1,0,0,3,1,2,2,2,4,1,1,big
26,xiaomi,1,0,10.40426284,4.45,43,miniled,1,32,0.007821449,4,1,0,0,4,1,2,1,1,3,0,2,big
27,hisense,1,0,10.35137338,4.65,55,qled,1,19.2,0.009805425,4,0,1,0,3,1,2,1,1,3,1,2,big
28,lumio,1,0,10.30895266,4,43,qled,1,44.8,0.008000267,4,1,0,0,4,1,2,1,2,3,0,2,big
29,croma,0,0,9.472012089,4.35,32,qled,1,16,0.013394919,4,0,1,0,0,0,0,1,0,1,0,2,medium
30,motorola,0,0,9.367344121,4.55,32,qled,1,16,0.014779041,4,0,0,1,0,0,0,3,0,0,0,1,big
31,hisense,1,0,10.30895266,4.75,50,qled,1,28.8,0.009975333,4,0,0,1,4,1,2,2,1,3,1,2,big
32,tcl,1,0,10.73639668,4,55,miniled,1,16,0.00547838,3,0,0,1,3,1,2,1,1,3,1,2,big
33,lumio,1,0,10.59663473,4.55,55,qled,1,44.8,0.007166429,4,1,0,0,3,1,2,2,2,3,1,2,big
34,tcl,1,0,10.38871841,4.05,43,qled,1,16,0.007229917,3,0,0,1,4,1,2,1,1,3,0,2,big
35,lg,1,0,10.72965662,4.25,43,miniled,1,22.4,0.005395054,3,0,1,0,4,1,2,1,1,3,0,2,big
36,samsung,1,0,10.53185618,4.3,50,led,1,19.2,0.006308349,3,1,0,0,4,1,2,2,1,2,1,2,big
37,realme,0,0,9.323669057,4.65,32,qled,1,16,0.014955515,4,0,0,1,0,0,0,1,0,1,0,2,big
38,vw,0,1,9.61580548,4.55,43,qled,1,19.2,0.012437496,3,1,0,0,1,0,1,1,2,1,0,2,big
39,hisense,1,0,10.96819829,4.2,55,miniled,1,28.8,0.004996638,4,0,0,1,3,1,2,1,1,4,1,2,big
40,hisense,1,0,11.25144381,4.25,65,miniled,1,32,0.004029744,4,0,0,1,2,1,2,1,1,4,1,2,big
41,tcl,1,0,11.09727365,4.45,65,qled,1,32,0.00499015,3,1,0,0,2,1,2,2,2,4,1,1,big
42,samsung,1,0,10.70752742,4.65,43,miniled,1,25.6,0.005930857,3,0,1,0,4,1,2,2,1,3,0,2,big
43,lg,1,0,10.40426284,4.45,43,led,1,19.2,0.006742629,3,1,0,0,4,1,2,1,1,1,0,2,big
44,lg,1,0,10.49957302,4.55,43,led,1,22.4,0.006768782,3,0,1,0,4,1,2,1,1,2,0,2,big
45,tcl,1,0,11.44025799,4.4,75,qled,1,32,0.003643403,3,0,1,0,1,1,2,1,2,4,1,2,big
46,tcl,1,0,10.87787737,4.45,55,qled,1,32,0.005710511,3,1,0,0,3,1,2,1,2,4,1,2,big
47,tcl,1,0,10.66874607,4.7,55,qled,1,32,0.006996976,3,1,0,0,3,1,2,1,2,3,1,2,big
48,xiaomi,1,0,10.20359214,4.1,43,qled,1,32,0.008200304,4,1,0,0,4,1,2,2,1,2,0,2,big
49,xiaomi,0,0,9.61580548,4.55,32,qled,1,16,0.012134142,4,0,0,1,0,0,0,1,0,1,0,2,big
50,acer,1,0,10.1266311,4.25,50,qled,1,19.2,0.009690388,4,0,0,1,4,1,2,3,1,3,1,1,big
51,tcl,0,1,9.679781343,4.75,32,qled,1,19.2,0.012179487,4,0,1,0,1,0,1,0,0,1,0,2,big
52,lg,1,0,11.51292546,4.75,75,led,1,22.4,0.003087531,3,0,0,1,1,1,2,1,2,3,1,2,big
53,blaupunkt,0,0,9.350102314,4.75,32,qled,1,16,0.014955515,4,0,0,1,0,0,0,3,0,0,0,1,medium
54,blaupunkt,0,1,9.680344001,4.65,40,qled,1,19.2,0.011625727,4,0,0,1,1,0,1,3,0,1,0,1,medium
55,lg,1,0,10.97678203,4.15,55,miniled,1,25.6,0.004185542,3,0,0,1,3,1,2,1,1,3,1,2,big
56,sony,1,0,11.7319887,4.6,65,led,1,32,0.002660455,4,0,1,0,2,1,2,1,2,4,1,2,big
57,vw,0,0,9.305650552,4.5,40,qled,0,16,0.010637331,3,1,0,0,0,0,0,1,1,0,0,2,big
58,sony,1,0,12.25909669,4.35,55,lcd,1,32,0.001567642,4,1,0,0,3,1,2,3,2,4,1,1,big
59,vw,0,0,9.121509158,4.45,32,qled,0,16,0.014464308,3,1,0,0,0,0,0,1,1,0,0,2,big
60,tcl,1,0,11.19809142,4.05,75,led,1,25.6,0.003440197,4,0,0,1,1,1,2,2,1,3,1,2,big
61,tcl,1,0,12.34579741,4.5,77,qled,1,32,0.001542252,3,0,0,1,1,1,2,1,2,4,0,2,big
62,hisense,1,0,11.51283546,4.15,75,miniled,1,38.4,0.00319582,4,0,0,1,1,1,2,1,2,4,1,2,big
63,tcl,1,0,11.37355994,4.45,75,qled,1,32,0.003990114,3,1,0,0,1,1,2,2,2,4,1,1,big
64,tcl,1,0,11.91839057,4.35,77,qled,1,32,0.002349016,3,0,0,1,1,1,2,1,2,4,0,2,big
65,samsung,1,0,12.34579741,4.35,77,micro,1,38.4,0.001542252,4,0,0,1,1,1,2,3,2,4,0,0,big
66,vw,0,0,9.121509158,4.65,32,led,1,16,0.014955515,4,0,0,1,0,0,0,1,0,0,0,2,big
67,samsung,1,0,11.32659589,4.2,55,oled,1,32,0.003643417,4,1,0,0,3,1,2,1,2,4,1,2,big
68,acerpure,1,0,10.59663473,4.2,65,qled,1,16,0.006825171,4,0,0,1,2,1,2,3,1,3,1,1,medium
69,samsung,1,0,10.69174035,4.75,55,qled,1,19.2,0.00593885,3,0,0,1,3,1,2,1,1,2,1,2,big
70,xiaomi,1,0,10.23995979,4.1,50,led,1,19.2,0.007760991,4,0,0,1,4,1,2,2,1,2,1,2,big
71,philips,1,0,10.20359214,4.1,43,qled,1,32,0.008959591,4,1,0,0,4,1,2,2,1,3,0,2,big
72,vu,1,0,10.18456033,4.4,43,qled,1,16,0.009966025,4,1,0,0,4,1,2,3,1,3,0,0,big
73,lg,1,0,11.57014665,4.75,55,oled,1,44.8,0.003588697,4,0,0,1,3,1,2,3,2,4,1,1,big
74,hisense,1,0,10.46310334,4.6,55,qled,1,28.8,0.008411669,4,0,0,1,3,1,2,2,1,3,1,2,big
75,tcl,1,0,10.91492481,4.35,55,miniled,1,19.2,0.005220949,3.4,0,1,0,3,1,2,1,2,3,1,2,big
76,tcl,1,0,10.37349118,4.45,43,qled,1,16,0.008065877,3,0,0,1,4,1,2,1,1,3,0,2,big
77,tcl,1,0,11.15612194,4.2,65,miniled,1,32,0.004320617,3,1,0,0,2,1,2,1,2,4,1,2,big
78,realme,1,0,10.16585182,4.5,55,qled,1,32,0.00969268,4,0,0,1,3,1,2,3,1,2,1,1,big
79,tcl,1,0,10.34145212,4.15,43,qled,1,16,0.007365279,4,0,0,1,4,1,2,2,1,2,0,2,big
80,xiaomi,1,0,10.64521059,4.2,55,qled,1,32,0.0063015,4,1,0,0,3,1,2,2,1,3,1,1,big
81,tcl,0,1,9.648014489,4.15,32,qled,1,19.2,0.010716591,3,1,0,0,1,0,1,1,0,1,0,2,big
82,lg,0,0,9.59499034,4.65,32,led,1,16,0.011712049,4,0,0,1,0,0,0,1,0,0,0,2,big
83,foxsky,1,0,9.546812609,4.15,43,qled,1,19.2,0.013933138,4,0,0,1,1,0,1,2,2,1,0,2,medium
84,xiaomi,0,0,9.305650552,4.7,32,led,1,16,0.014955515,4,0,0,1,0,0,0,1,2,0,0,2,big
85,tcl,1,0,10.77876877,4.35,55,qled,1,16,0.005438633,4,0,1,0,3,1,2,1,1,3,1,2,big
86,tcl,1,0,11.08200408,4.3,65,qled,1,16,0.004168334,4,0,1,0,2,1,2,1,1,3,1,2,big
87,samsung,1,0,12.00145026,4.25,65,micro,1,35.2,0.002007792,4,0,0,1,2,1,2,2,2,4,1,2,big
88,blaupunkt,0,1,9.76995616,4.7,43,qled,1,19.2,0.010206298,4,0,0,1,1,0,1,3,0,0,0,1,medium
89,sony,1,0,11.46153743,4.6,55,led,1,19.2,0.003292978,4,1,0,0,3,1,2,1,1,4,1,2,big
90,motorola,1,0,10.34174248,4.5,50,qled,1,32,0.00827446,4,0,0,1,4,1,2,3,1,3,1,1,big
91,motorola,1,0,11.1124479,4.15,75,miniled,1,44.8,0.004335886,4,0,0,1,1,1,2,1,1,4,1,2,big
92,samsung,1,0,11.28978191,4.3,65,miniled,1,22.4,0.003601295,3,0,0,1,2,1,2,2,1,4,1,2,big
93,samsung,1,0,11.16607355,4.6,55,miniled,1,22.4,0.004294808,3,0,1,0,3,1,2,1,2,3,1,2,big
94,lg,1,0,12.34579741,4,65,oled,1,44.8,0.001542252,4,0,1,0,2,1,2,3,2,4,1,1,big
95,samsung,1,0,10.35745707,4.35,32,led,1,22.4,0.007321372,3,1,0,0,4,1,2,2,1,2,0,2,big
96,vw,0,1,9.510444964,4.2,40,qled,1,19.2,0.012445366,3,1,0,0,1,0,1,1,1,1,0,2,big
97,lg,1,0,10.81977828,4.4,55,led,1,25.6,0.0050161,3,0,1,0,3,1,2,1,1,3,1,2,big
98,lg,1,0,11.23309251,4.4,55,miniled,1,32,0.004191031,4,0,1,0,3,1,2,1,2,4,1,2,big
99,lg,1,0,11.12136326,4.7,55,miniled,1,16,0.004727881,3,0,0,1,3,1,2,1,1,4,1,2,big
100,xiaomi,1,0,10.858999,4.4,55,miniled,1,32,0.005415489,3,1,0,0,3,1,2,2,1,3,1,1,big
101,vw,1,0,9.998797732,4.4,43,qled,1,32,0.010200464,4,1,0,0,4,1,2,3,1,2,0,1,big
102,iffalcon,1,0,10.81977828,4.45,55,qled,1,19.2,0.005607112,4,0,0,1,3,1,2,1,2,3,1,2,big
103,kenstar,0,0,9.121509158,4,32,qled,1,16,0.014955515,4,0,0,1,0,0,0,1,0,0,0,2,big
104,philips,1,0,10.73639668,4.7,55,miniled,1,32,0.006743625,4,1,0,0,3,1,2,3,1,3,1,1,big
105,vw,0,0,9.121509158,4.35,32,led,1,16,0.014955515,4,0,0,1,0,0,0,1,1,0,0,2,big
106,coocaa,1,0,10.40426284,4.6,55,miniled,1,32,0.008642686,4,1,0,0,3,1,2,3,1,3,1,1,medium
107,samsung,1,0,10.40399008,4.1,43,qled,1,19.2,0.006462564,3,0,0,1,4,1,2,1,1,2,0,2,big
108,innoq,0,0,9.121509158,4.6,32,led,0,16,0.014955515,3,0,0,1,0,0,0,2,0,0,0,2,small
109,vw,0,1,9.480367509,4.75,40,qled,1,19.2,0.014504924,4,0,0,1,1,0,1,1,2,1,0,2,big
110,vw,0,1,9.560997244,4.35,43,led,1,19.2,0.011335305,4,0,0,1,1,0,1,1,1,0,0,2,big
111,vw,0,0,9.121509158,4.7,32,led,1,16,0.014955515,4,1,0,0,0,0,0,1,1,0,0,2,big
112,vu,1,0,10.49102419,4.2,55,qled,1,16,0.007352042,4,1,0,0,3,1,2,3,1,3,1,0,big
113,xiaomi,0,0,9.472704636,4.6,32,led,1,16,0.012739441,4,1,0,0,0,0,0,1,2,0,0,2,big
114,blaupunkt,0,1,9.510444964,4.75,40,qled,1,19.2,0.014955515,4,1,0,0,1,0,1,3,0,1,0,1,medium
115,hisense,1,0,11.15625052,4.45,65,miniled,1,32,0.004640781,4,0,0,1,2,1,2,1,1,4,1,2,big
116,sony,1,0,10.736201,4.3,43,led,1,19.2,0.004955425,4,1,0,0,4,1,2,1,1,2,0,2,big
117,sony,1,0,11.03474449,4.45,55,led,1,16,0.004163575,4,1,0,0,3,1,2,1,1,3,1,2,big
118,tcl,1,0,10.71441777,4,55,qled,1,32,0.005511234,3,0,0,1,3,1,2,2,2,3,1,1,big
119,samsung,0,0,9.710570057,4.05,32,led,0,16,0.008350515,3,0,1,0,0,0,0,1,1,0,0,2,big
120,samsung,1,0,10.69174035,4.1,55,qled,1,25.6,0.005498977,3,1,0,0,3,1,2,1,1,3,1,2,big
121,tcl,0,1,10.12627104,4.55,43,qled,1,19.2,0.008193277,4,1,0,0,1,0,1,1,1,1,0,2,big
122,samsung,1,0,11.14186178,4.25,55,miniled,1,19.2,0.004065276,4,1,0,0,3,1,2,1,1,3,1,2,big
123,samsung,1,0,10.25734353,4.7,43,led,1,19.2,0.008743419,3,1,0,0,4,1,2,1,1,2,0,2,big
124,lg,1,0,10.1655056,4.75,43,led,1,19.2,0.008224317,4,0,1,0,4,1,2,1,1,1,0,2,big
125,toshiba,1,0,9.998797732,4,43,qled,1,16,0.010182281,4,0,0,1,4,1,2,1,1,2,0,2,big
126,tcl,1,0,10.46310334,4.55,43,qled,1,32,0.007280208,3,0,0,1,4,1,2,2,1,2,0,2,big
127,marq,0,1,9.472704636,4.5,43,led,1,19.2,0.011077775,4,0,0,1,1,0,1,1,0,0,0,2,medium
128,panasonic,1,0,9.998797732,4.35,43,led,1,16,0.009886813,4,0,1,0,4,1,2,1,1,1,0,2,big
129,sony,1,0,10.46310334,4.05,43,led,1,22.4,0.005670162,3,0,1,0,4,1,2,1,1,1,0,2,big
130,samsung,0,0,9.546169545,4.4,32,led,1,16,0.009749821,3,0,1,0,0,0,0,1,0,0,0,2,big
131,kodak,0,1,9.680344001,4.25,40,qled,1,19.2,0.011156947,4,0,0,1,1,0,1,3,0,1,0,1,medium
132,lg,1,0,10.71441777,4.2,43,miniled,1,19.2,0.005133447,3,0,0,1,4,1,2,1,1,2,0,2,big
133,lg,1,0,11.63506345,4.6,65,miniled,1,44.8,0.003175502,4,0,1,0,2,1,2,1,2,4,1,2,big
134,lg,1,0,11.63417803,4.75,48,oled,1,44.8,0.003324032,4,0,1,0,4,1,2,1,2,4,0,2,big
135,lg,1,0,12.34579741,4.35,77,oled,1,44.8,0.001542252,4,0,1,0,1,1,2,3,2,4,1,1,big
136,tcl,1,0,10.46284616,4.35,55,led,0,25.5,0.006750718,3,0,1,0,1,0,1,1,1,2,1,2,big
137,tcl,1,0,10.57108613,4.15,50,qled,1,16,0.006173378,4,0,1,0,4,1,2,1,1,3,1,2,big
138,tcl,1,0,10.91492481,4.25,65,led,1,16,0.004173486,4,1,0,0,2,1,2,1,0,2,1,2,big
139,tcl,1,0,10.87787737,4.2,55,qled,1,32,0.005468956,3,0,1,0,3,1,2,1,2,4,1,2,big
140,tcl,1,0,11.15612194,4.55,65,qled,1,32,0.004745678,3,0,1,0,2,1,2,1,2,4,1,2,big
141,tcl,1,0,10.64521059,4.4,55,qled,1,16,0.006182424,3,1,0,0,3,1,2,1,1,3,1,2,big
142,tcl,1,0,10.40399008,4.3,43,qled,1,16,0.007299182,3,1,0,0,4,1,2,1,1,2,0,2,big
143,samsung,1,0,11.05074714,4.55,65,led,1,28.8,0.004550722,3,1,0,0,2,1,2,2,1,3,1,2,big
144,samsung,1,0,11.05074714,4,55,miniled,1,22.4,0.003873631,3,0,1,0,3,1,2,1,1,3,1,2,big
145,tcl,1,0,10.858999,4.65,55,qled,1,32,0.005991461,3,0,0,1,3,1,2,2,2,4,1,1,big
146,motorola,1,0,11.60823564,4.1,77,miniled,1,44.8,0.002832753,4,0,0,1,1,1,2,1,1,4,0,2,big
147,realme,0,1,9.809176873,4.45,40,qled,1,19.2,0.010758833,4,0,0,1,1,0,1,1,0,1,0,2,big
148,samsung,1,0,10.35745707,4.3,43,led,1,25.6,0.007373769,3,0,0,1,4,1,2,2,1,2,0,2,big
149,toshiba,1,0,10.59640971,4.6,55,led,1,19.2,0.006096524,4,1,0,0,3,1,2,2,1,2,1,2,big
150,samsung,1,0,10.71421775,4.2,55,led,1,32,0.005507891,3,1,0,0,3,1,2,2,1,3,1,2,big
151,croma,1,0,10.57108613,4.2,55,qled,1,32,0.006247756,4,0,1,0,3,1,2,1,1,3,1,2,medium
152,lg,1,0,11.85289871,4.65,55,oled,1,44.8,0.002647875,4,0,1,0,3,1,2,1,2,4,1,2,big
153,lg,1,0,11.13445763,4.55,55,miniled,1,22.4,0.004451015,3,0,1,0,3,1,2,1,1,4,1,2,big
154,vw,1,0,10.16585182,4.5,50,qled,1,32,0.009346513,4,1,0,0,4,1,2,3,1,2,1,1,big
155,lg,0,0,9.819616693,4,32,led,1,16,0.007830343,3,0,1,0,0,0,0,0,0,0,0,2,big
156,lg,1,0,10.69627643,4.2,50,led,1,19.2,0.005227427,3,0,1,0,4,1,2,1,1,2,1,2,big
157,samsung,1,0,11.7518715,4.2,55,micro,1,25.6,0.00248051,4,0,0,1,3,1,2,2,1,4,1,2,big
158,lg,1,0,10.73639668,4.05,55,led,1,19.2,0.004842497,3,1,0,0,3,1,2,1,1,2,1,2,big
159,lg,0,0,9.780811315,4.55,32,led,1,16,0.009773884,3,0,1,0,0,0,0,0,0,0,0,2,big
160,lg,0,0,9.852194258,4.45,32,led,1,16,0.008432023,3,1,0,0,0,0,0,0,0,0,0,2,big
161,lg,1,0,11.48246626,4.35,65,miniled,1,16,0.003318591,3,1,0,0,2,1,2,1,1,4,1,2,big
162,motorola,0,0,9.367344121,4.75,32,qled,1,16,0.014955515,4,0,0,1,0,0,0,3,0,1,0,1,big
163,motorola,1,0,10.40426284,4.7,55,qled,1,32,0.008830571,4,0,0,1,3,1,2,3,1,3,1,1,big
164,xiaomi,1,0,11.1844214,4.7,65,miniled,1,32,0.004373672,3,1,0,0,2,1,2,2,1,4,1,1,big
165,acerpure,1,0,10.04324949,4.7,42.52,qled,1,32,0.011443976,4,0,0,1,4,1,2,3,1,2,0,1,medium
166,foxsky,0,1,9.392661929,4.5,40,qled,1,19.2,0.013501125,4,0,0,1,1,0,1,2,1,0,0,2,medium
167,xiaomi,1,0,11.23817278,4.35,75,qled,1,32,0.003893386,4,0,0,1,1,1,2,2,1,4,1,1,big
168,lg,1,0,11.35030065,4.3,55,miniled,1,28.8,0.003389811,4,0,0,1,3,1,2,1,1,4,1,2,big
169,foxsky,1,0,9.928180165,4.1,43,miniled,0,22.4,0.009000439,3,0,0,1,4,1,2,3,0,1,0,1,medium
170,philips,1,0,10.96819829,4.7,65,miniled,1,32,0.00551044,4,1,0,0,2,1,2,3,1,4,1,1,big
171,vw,1,0,9.998797732,4.65,43,qled,1,16,0.010568662,4,0,0,1,4,1,2,3,1,1,0,1,big
172,hisense,1,0,10.22161396,4.2,43,qled,1,16,0.008555838,4,0,0,1,4,1,2,1,1,2,0,2,big
173,hisense,1,0,11.98292909,4.75,75,miniled,1,35.2,0.002493766,4,1,0,0,1,1,2,3,1,4,1,0,big
174,vw,1,0,10.07744086,4,55,qled,1,16,0.008403714,4,0,0,1,3,1,2,3,1,1,1,1,big
175,thomson,1,0,10.40426284,4.55,55,qled,1,32,0.008272978,4,0,0,1,3,1,2,3,1,3,1,0,big
176,hisense,1,0,10.27474072,4.2,43,qled,1,16,0.007243877,4,1,0,0,4,1,2,3,1,1,0,1,big
177,acer,1,0,10.04324949,4.3,43,led,1,16,0.009535197,4,0,0,1,4,1,2,2,1,2,0,2,big
178,acerpure,1,0,10.89673933,4.25,75,qled,1,16,0.005273246,4,0,0,1,1,1,2,3,1,4,1,1,medium
179,blaupunkt,1,0,9.825526011,4.1,43,qled,1,22.4,0.009530245,4,0,0,1,4,1,2,3,1,1,0,1,medium
180,acerpure,1,0,10.30895266,4.6,55,qled,1,16,0.009200307,4,0,0,1,3,1,2,3,1,3,1,1,medium
181,panasonic,0,0,9.546812609,4.1,32,led,1,16,0.010250732,3,0,0,1,0,0,0,1,2,0,0,2,big
182,tcl,0,1,10.30865262,4.7,50,qled,1,19.2,0.007365789,4,1,0,0,0,0,1,1,1,1,1,2,big
183,realme,1,0,10.35774282,4.05,55,qled,1,22.4,0.006171624,4,0,0,1,3,1,2,3,0,1,1,1,big
184,vu,1,0,10.261162,4.75,50,qled,1,16,0.010131473,4,0,0,1,4,1,2,1,1,3,1,2,big
185,xiaomi,0,0,9.546812609,4.5,32,led,1,16,0.010607901,4,1,0,0,0,0,0,1,0,0,0,2,big
186,tcl,1,0,11.28978191,4.2,55,miniled,1,44.8,0.003727547,3,0,0,1,3,1,2,1,2,4,1,2,big
187,philips,1,0,10.46310334,4.25,50,qled,1,32,0.007285922,4,1,0,0,4,1,2,2,1,3,1,2,big
188,tcl,1,0,12.34579741,4.55,77,miniled,1,44.8,0.00154305,4,0,0,1,1,1,2,3,2,4,0,1,big
189,xiaomi,0,0,9.472704636,4.15,32,qled,1,16,0.012770213,4,0,0,1,0,0,0,1,0,1,0,2,big
190,tcl,1,0,11.13687837,4.65,65,miniled,1,19.2,0.004470112,3.4,0,0,1,2,1,2,1,2,3,1,2,big
191,coocaa,0,0,9.121509158,4.6,32,qled,1,16,0.014955515,4,0,0,1,0,0,0,2,2,0,0,2,medium
192,lg,1,0,10.57108613,4.55,50,led,1,19.2,0.005951526,3,0,0,1,4,1,2,1,1,2,1,2,big
193,tcl,1,0,10.71441777,4.05,55,miniled,1,25.6,0.005310118,3,0,0,1,3,1,2,1,1,3,1,2,big
194,hisense,1,0,10.81977828,4.3,65,qled,1,25.6,0.005762115,4,0,0,1,2,1,2,2,1,4,1,2,big
195,hisense,1,0,11.51292546,4.3,75,miniled,1,44.8,0.003354034,4,1,0,0,1,1,2,1,2,4,1,2,big
196,sony,1,0,11.71170255,4.65,75,led,1,16,0.002553898,4,1,0,0,1,1,2,1,1,4,1,2,big
197,hisense,1,0,10.20359214,4.35,43,qled,1,28.8,0.009505908,4,1,0,0,4,1,2,2,1,3,0,2,big
198,tcl,1,0,10.23963831,4.4,43,led,1,16,0.007545552,3,1,0,0,4,1,2,0,1,1,0,2,big
199,tcl,1,0,11.06663836,4.75,65,miniled,1,16,0.005121174,3,0,0,1,2,1,2,3,1,4,1,1,big
200,sony,1,0,11.09727365,4.6,55,led,1,16,0.003903622,4,1,0,0,3,1,2,1,1,2,1,2,big
201,motorola,1,0,10.40426284,4.35,55,qled,1,32,0.007513864,4,0,0,1,3,1,2,3,1,3,1,1,big
202,haier,1,0,11.11231356,4.25,55,miniled,1,32,0.004377519,4,0,1,0,3,1,2,3,1,4,1,1,big
203,motorola,1,0,10.73639668,4.05,65,qled,1,32,0.005282724,4,0,0,1,2,1,2,3,1,3,1,1,big
204,samsung,1,0,10.27474072,4.05,43,led,1,19.2,0.007264574,3,0,0,1,4,1,2,1,1,2,0,2,big
205,xiaomi,1,0,10.08580911,4.4,43,led,1,32,0.008800367,4,1,0,0,4,1,2,1,1,1,0,2,big
206,samsung,1,0,12.20051221,4.4,65,oled,1,41.6,0.001836191,4,0,1,0,2,1,2,3,2,4,1,0,big
207,samsung,0,0,9.679718806,4.5,32,led,1,16,0.010413409,3,0,0,1,0,0,0,1,0,0,0,2,big
208,samsung,1,0,11.54248427,4.2,65,miniled,1,32,0.002895174,4,0,0,1,2,1,2,1,2,4,1,2,big
209,xiaomi,1,0,10.51867319,4.7,55,led,1,22.4,0.006986675,4,1,0,0,3,1,2,2,1,2,1,1,big
210,samsung,1,0,11.56171563,4.55,55,oled,1,38.4,0.003380032,4,0,0,1,3,1,2,3,2,4,1,1,big
211,samsung,1,0,12.05810614,4.6,65,miniled,1,35.2,0.00205344,4,0,0,1,2,1,2,3,2,4,1,1,big
212,hisense,1,0,10.62132735,4.55,55,qled,1,28.8,0.007435547,4,1,0,0,3,1,2,1,1,4,1,2,big
213,tcl,1,0,10.16203686,4.5,43,led,1,19.2,0.007992278,3,0,0,1,4,1,2,1,1,1,0,2,big
214,iffalcon,1,0,10.59663473,4.2,65,led,1,16,0.005355134,3,0,0,1,2,1,2,1,1,2,1,2,big
215,tcl,0,1,9.951849053,4.05,40,qled,1,19.2,0.008103859,3,1,0,0,1,0,1,1,0,1,0,2,big
216,tcl,1,0,10.62132735,4.7,55,qled,1,16,0.006992853,3,0,0,1,3,1,2,1,1,3,1,2,big
217,iffalcon,0,1,9.852194258,4.7,40,led,1,19.2,0.009400495,3,0,0,1,1,0,1,1,0,0,0,2,big
218,samsung,1,0,10.86839701,4.7,55,qled,1,19.2,0.005014288,3,1,0,0,3,1,2,1,1,2,1,2,big
219,samsung,1,0,10.32846113,4.2,43,led,1,19.2,0.006864989,3,0,1,0,4,1,2,1,1,1,0,2,big
220,samsung,1,0,10.59295296,4.6,43,qled,1,22.4,0.006233062,3,0,0,1,4,1,2,1,1,2,0,2,big
221,lumio,1,0,10.27505111,4.7,43,qled,1,16,0.00923825,4,0,0,1,4,1,2,1,2,3,0,2,big
222,xiaomi,1,0,10.93310697,4.25,65,qled,1,32,0.005084912,4,1,0,0,2,1,2,2,1,4,1,1,big
223,tcl,0,0,9.6152053,4,32,qled,1,16,0.010406938,4,1,0,0,0,0,0,0,0,0,0,2,big
224,thomson,0,0,9.121509158,4.3,32,led,1,16,0.014955515,4,0,0,1,0,0,0,1,1,0,0,2,big
225,lg,0,0,9.679781343,4.1,32,led,1,16,0.008974359,3,0,1,0,0,0,0,1,0,0,0,2,big
226,thomson,1,0,9.852194258,4.1,43,qled,1,22.4,0.009926838,4,0,0,1,4,1,2,3,1,1,0,1,big
227,foxsky,1,0,10.23995979,4.45,55,qled,1,16,0.009853923,4,1,0,0,3,1,2,2,1,3,1,2,medium
228,vu,1,0,10.81959827,4.15,55,qled,1,16,0.005728146,4,1,0,0,3,1,2,1,2,4,1,2,big
229,foxsky,0,0,9.121509158,4.1,32,qled,1,16,0.014955515,4,0,0,1,0,0,0,2,2,0,0,2,medium
230,infinix,1,0,9.903487553,4.25,43,qled,1,16,0.010413021,4,0,0,1,4,1,2,3,1,1,0,1,medium
231,acer,1,0,10.20359214,4.75,43,qled,1,16,0.010028149,4,1,0,0,4,1,2,3,1,3,0,1,big
232,realme,1,0,10.49127422,4.15,65,led,1,16,0.005764049,4,0,0,1,2,1,2,3,1,1,1,1,big
233,realme,1,0,10.27505111,4.25,50,qled,1,16,0.007914066,4,0,0,1,4,1,2,2,1,2,1,2,big
234,realme,1,0,9.814656339,4.15,43,led,1,16,0.010205476,4,0,0,1,4,1,2,2,1,1,0,2,big
235,sony,1,0,11.26434871,4.6,55,led,1,16,0.003715861,4,1,0,0,3,1,2,1,1,3,1,2,big
236,haier,1,0,10.8277663,4.55,65,qled,1,32,0.005958333,4,0,0,1,2,1,2,1,1,3,1,2,big
237,sony,1,0,11.91833057,4.6,55,miniled,1,32,0.002453497,4,0,0,1,3,1,2,3,2,4,1,1,big
238,haier,1,0,10.43385106,4.35,43,qled,1,32,0.007806708,4,0,0,1,4,1,2,1,1,3,0,2,big
239,motorola,1,0,10.27505111,4.55,50,miniled,1,16,0.008629608,4,0,0,1,4,1,2,1,1,2,1,2,big
240,samsung,1,0,10.16585182,4.3,43,led,1,22.4,0.008104158,3,0,0,1,4,1,2,1,1,1,0,2,big
241,lg,1,0,11.46153743,4.1,55,oled,1,25.6,0.003107696,4,0,0,1,3,1,2,3,1,4,1,1,big
242,hisense,1,0,9.961756461,4.7,43,qled,1,16,0.012193971,4,0,0,1,4,1,2,1,0,2,0,2,big
243,panasonic,1,0,10.17732422,4.55,43,led,1,16,0.008823529,4,0,1,0,4,1,2,1,1,2,0,2,big
244,foxsky,0,1,9.121509158,4.4,32,led,1,19.2,0.014955515,4,0,0,1,1,0,1,2,1,0,0,2,medium
245,marq,0,1,9.121509158,4.6,32,led,1,19.2,0.014955515,4,0,0,1,1,0,1,1,0,0,0,2,medium
246,lg,1,0,10.16585182,4.55,43,led,1,28.8,0.00857533,4,0,0,1,4,1,2,1,1,1,0,2,big
247,xiaomi,1,0,10.30895266,4.4,50,led,1,16,0.007920264,4,0,1,0,4,1,2,3,1,2,1,1,big
248,xiaomi,1,0,10.1266311,4.15,43,led,1,16,0.008798352,4,0,1,0,4,1,2,2,1,2,0,2,big
249,blaupunkt,1,0,9.798127037,4.15,49,led,1,22.4,0.009683871,4,0,0,1,4,1,2,3,0,1,0,1,medium
250,samsung,1,0,11.45095431,4.45,55,qled,1,32,0.003361528,4,0,1,0,3,1,2,1,2,4,1,2,big
251,ifflacon,1,0,10.71441777,4.45,65,led,1,19.2,0.005142336,3,0,0,1,2,1,2,1,1,2,1,2,big
252,akai,0,1,9.975389522,4.05,43,led,0,19.2,0.00716147,3,0,0,1,1,0,1,1,2,0,0,2,small
253,ifflacon,1,0,10.20359214,4.25,43,led,1,22.4,0.007555835,3,0,0,1,4,1,2,1,1,1,0,2,big
254,kodak,0,1,9.798127037,4.05,43,qled,1,19.2,0.009450525,4,0,0,1,1,0,1,3,0,1,0,1,medium
255,kodak,0,0,9.392661929,4.35,32,qled,1,16,0.013776148,4,0,0,1,0,0,0,3,0,0,0,1,medium
256,lg,1,0,11.8493977,4.1,75,miniled,1,44.8,0.002284302,3,0,0,1,1,1,2,1,2,4,1,2,big
257,lg,1,0,12.34579741,4,77,miniled,1,44.8,0.001542252,4,0,1,0,1,1,2,1,2,4,0,2,big
258,sony,1,0,12.34579741,4.25,77,led,1,38.4,0.001542252,4,0,1,0,1,1,2,1,2,4,0,2,big
259,tcl,1,0,11.35030065,4.5,75,qled,1,16,0.003547476,4,0,1,0,1,1,2,2,1,4,1,2,big
260,tcl,1,0,10.37320989,4.15,43,led,1,22.4,0.006226946,3.6,1,0,0,4,1,2,1,2,1,0,2,big
261,samsung,1,0,12.34579741,4.25,75,micro,1,44.8,0.001542252,4,0,1,0,1,1,2,2,2,4,1,2,big
262,tcl,1,0,10.59640971,4.65,55,led,1,22.4,0.005930233,3.6,1,0,0,3,1,2,1,1,2,1,2,big
263,tcl,1,0,10.98514017,4.55,65,qled,1,16,0.004782166,3,1,0,0,2,1,2,1,1,3,1,2,big
264,lg,1,0,12.10896134,4,55,oled,1,44.8,0.001785222,4,0,1,0,3,1,2,3,2,4,1,1,big
265,lg,1,0,12.34579741,4.75,77,oled,1,44.8,0.001542252,4,0,1,0,1,1,2,1,2,4,1,2,big
266,samsung,1,0,11.71579284,4.75,48,oled,1,44.8,0.003063515,4,0,1,0,4,1,2,1,2,4,0,2,big
267,samsung,1,0,11.52278668,4.45,55,qled,1,25.6,0.003172591,4,0,1,0,3,1,2,2,1,4,1,2,big
268,samsung,1,0,10.91128123,4.4,55,led,1,25.6,0.004657784,3,0,1,0,3,1,2,2,1,3,1,2,big
269,samsung,1,0,11.01848159,4.5,50,qled,1,22.4,0.004131825,4,0,1,0,4,1,2,1,1,2,1,2,big
270,samsung,1,0,12.25004647,4.25,77,led,1,38.4,0.001542252,3,0,1,0,1,1,2,1,2,4,0,2,big
271,samsung,1,0,10.71421775,4.4,55,led,1,25.6,0.005574572,3,0,0,1,3,1,2,2,1,3,1,2,big
272,lg,1,0,12.2144921,4.4,77,led,1,35.2,0.001542252,3,0,1,0,1,1,2,1,2,4,0,2,big
273,tcl,1,0,11.40756495,4.6,75,qled,1,32,0.003731153,3,0,0,1,1,1,2,2,2,4,1,1,big
274,samsung,1,0,11.88448902,4.3,65,oled,1,38.4,0.002283464,4,0,0,1,2,1,2,1,2,4,1,2,big
275,vw,1,0,10.59663473,4.45,65,qled,1,32,0.006341409,4,1,0,0,2,1,2,3,1,3,1,1,big
276,hisense,0,1,9.998797732,4.6,43,qled,1,19.2,0.009409519,4,0,0,1,1,0,1,1,2,1,0,2,big
277,motorola,1,0,10.93310697,4.55,65,miniled,1,44.8,0.005525099,4,0,0,1,2,1,2,1,1,4,1,2,big
278,croma,0,0,9.391911647,4.5,32,led,1,16,0.014261885,4,0,1,0,0,0,0,1,0,0,0,2,medium
279,samsung,1,0,11.8809725,4.45,55,oled,1,44.8,0.002463838,4,0,1,0,3,1,2,1,2,4,1,2,big
280,samsung,1,0,11.55013454,4.4,65,miniled,1,32,0.00309471,3,0,1,0,2,1,2,1,1,4,1,2,big
281,samsung,1,0,11.94334982,4.65,75,miniled,1,28.8,0.002237467,3,0,1,0,1,1,2,1,1,4,1,2,big
282,samsung,1,0,11.54239688,4.35,75,miniled,1,35.2,0.002956598,3,0,0,1,1,1,2,1,2,4,1,2,big
283,lg,1,0,10.59663473,4.75,50,led,1,19.2,0.006175154,3,1,0,0,4,1,2,1,1,2,1,2,big
284,samsung,1,0,11.17030839,4.25,55,qled,1,16,0.003771658,4,1,0,0,3,1,2,1,1,3,1,2,big
285,lg,1,0,12.18070868,4,65,oled,1,44.8,0.001600082,4,0,1,0,2,1,2,1,2,4,1,2,big
286,samsung,1,0,10.82955038,4.15,50,miniled,1,25.6,0.004849475,3,0,1,0,4,1,2,1,1,3,1,2,big
287,samsung,1,0,11.39629052,4,65,miniled,1,22.4,0.002966625,3,1,0,0,2,1,2,1,2,3,1,2,big
288,samsung,1,0,12.34579741,4.2,77,miniled,1,32,0.001542252,3,0,1,0,1,1,2,1,1,4,0,2,big
289,lg,1,0,11.53557697,4.5,65,miniled,1,32,0.003211458,3,0,1,0,2,1,2,1,1,4,1,2,big
290,samsung,1,0,11.70347144,4.75,75,miniled,1,35.2,0.002748161,3,1,0,0,1,1,2,1,2,4,1,2,big
291,samsung,1,0,12.34579741,4.65,77,oled,1,41.6,0.001542252,4,0,1,0,1,1,2,3,2,4,1,0,big
292,reliance,0,0,9.258273026,4,32,led,1,16,0.011439466,4,0,0,1,0,0,0,1,0,0,0,2,medium
293,samsung,1,0,11.37355994,4.75,55,qled,1,19.2,0.003221635,4,0,1,0,3,1,2,1,1,3,1,2,big
294,samsung,1,0,12.15473198,4.1,75,qled,1,35.2,0.001683246,4,0,1,0,1,1,2,2,2,4,1,2,big
295,samsung,1,0,11.80178934,4.75,65,qled,1,28.8,0.002704322,4,0,1,0,2,1,2,2,2,4,1,2,big
296,lg,0,0,9.76995616,4.75,32,led,1,16,0.009500543,3,1,0,0,0,0,0,0,2,0,0,2,big
297,samsung,1,0,12.17039883,4.7,65,oled,1,44.8,0.001996995,4,0,0,1,2,1,2,1,2,4,1,2,big
298,hisense,1,0,10.37320989,4.5,50,led,1,22.4,0.007314786,4,1,0,0,4,1,2,2,1,2,1,2,big
299,hisense,1,0,10.20325876,4.4,43,led,1,22.4,0.00831419,4,1,0,0,4,1,2,2,0,2,0,2,big
300,toshiba,0,0,9.679781343,4.15,32,qled,1,16,0.010900563,4,1,0,0,0,0,0,1,1,1,0,2,big
301,realme,1,0,10.02127059,4.2,43,led,1,32,0.008587048,4,0,0,1,4,1,2,2,1,1,0,2,big
302,haier,1,0,10.736201,4.6,55,led,1,19.2,0.004500978,4,0,0,1,3,1,2,1,1,1,1,2,big
303,realme,0,0,9.323669057,4.3,32,qled,1,16,0.014955515,4,0,0,1,0,0,0,1,0,1,0,2,big
304,xiaomi,1,0,11.51292546,4.3,75,miniled,1,32,0.003053031,3,0,0,1,1,1,2,2,1,4,1,1,big
305,realme,1,0,10.0647557,4.15,43,qled,1,16,0.009536576,4,0,0,1,4,1,2,3,1,2,0,1,big
306,philips,1,0,11.40756495,4.2,75,miniled,1,32,0.003406705,4,1,0,0,1,1,2,3,1,4,1,1,big
307,foxsky,1,0,11.08214255,4.65,75,miniled,0,19.2,0.003934676,3,0,0,1,1,1,2,3,0,2,1,1,medium
308,onida,1,0,10.34174248,4.3,55,led,1,19.2,0.005964709,4,1,0,0,3,1,2,1,1,1,1,2,medium
309,onida,1,0,10.1064284,4.25,43,qled,1,19.2,0.007459488,4,1,0,0,4,1,2,1,1,1,0,2,medium
310,bush,0,0,9.121509158,4,32,qled,1,16,0.014955515,4,0,0,1,0,0,0,1,1,0,0,2,small
311,bush,0,0,9.121509158,4.2,32,led,1,16,0.014955515,4,0,0,1,0,0,0,1,1,0,0,2,small
312,bush,1,0,9.903487553,4.65,43,led,1,22.4,0.009300465,4,0,0,1,4,1,2,1,2,1,0,2,small
313,vw,1,0,10.91871823,4.15,75,qled,1,16,0.004285404,4,0,0,1,1,1,2,3,1,3,1,1,big
314,lg,1,0,10.37320989,4.15,43,led,1,19.2,0.00596749,4,0,0,1,4,1,2,1,1,1,0,2,big
315,lg,1,0,12.15477935,4.35,75,miniled,1,28.8,0.001694219,4,0,0,1,1,1,2,1,1,4,1,2,big
316,uniboom,0,0,9.121509158,4.7,32,led,1,16,0.014955515,3,1,0,0,0,0,0,2,0,0,0,2,medium
317,rgl,0,1,9.797460148,4.25,40,led,1,19.2,0.008506143,4,0,0,1,1,0,1,2,1,0,0,2,small
318,onida,1,0,10.73639668,4.45,65,led,1,19.2,0.005320768,3,0,0,1,2,1,2,1,1,2,1,2,medium
319,onida,1,0,10.29214554,4.35,50,led,1,19.2,0.007373131,3,0,0,1,4,1,2,1,1,1,1,2,medium
320,onida,1,0,10.38899537,4.55,55,led,1,19.2,0.007280224,3,0,0,1,3,1,2,1,1,2,1,2,medium
321,croma,0,0,9.209439967,4.15,32,led,1,16,0.012877878,4,0,1,0,0,0,0,1,0,0,0,2,medium
322,onida,1,0,10.50506754,4.25,55,qled,1,19.2,0.00675361,4,1,0,0,3,1,2,1,1,3,1,2,medium
323,wobble,1,0,10.40426284,4.45,55,led,1,16,0.007012334,4,0,0,1,3,1,2,3,1,2,1,1,medium
324,foxsky,1,0,10.16585182,4.55,50,miniled,0,22.4,0.008225316,3,0,0,1,4,1,2,3,0,1,1,1,medium
325,foxsky,1,0,10.34174248,4.3,55,miniled,0,22.4,0.006658279,3,0,0,1,3,1,2,3,0,1,1,1,medium
326,foxsky,1,0,10.69194491,4.55,65,miniled,0,22.4,0.005273983,3,0,0,1,2,1,2,3,0,2,1,1,medium
327,realme,1,0,10.27505111,4,50,led,1,32,0.006482982,4,0,0,1,4,1,2,2,1,1,1,2,big
328,motorola,1,0,10.11050172,4.3,43,qled,1,32,0.008215781,4,0,0,1,4,1,2,2,1,1,0,2,big
329,elista,1,0,10.20440663,4.05,50,led,1,16,0.006744754,4,0,0,1,4,1,2,1,1,1,1,2,small
330,haier,0,0,9.679781343,4.3,32,led,1,16,0.008874296,4,1,0,0,0,0,0,0,0,0,0,2,big
331,haier,1,0,10.50482093,4.6,50,led,1,32,0.006303097,4,1,0,0,4,1,2,1,1,1,1,2,big
332,haier,1,0,10.29184041,4.6,43,led,1,32,0.007487284,4,1,0,0,4,1,2,1,1,1,0,2,big
333,coocaa,1,0,10.73639668,4.2,65,miniled,1,32,0.005843605,4,1,0,0,2,1,2,3,1,3,1,1,medium
334,panasonic,1,0,10.79939189,4.45,55,led,1,16,0.005540927,4,0,0,1,3,1,2,1,1,3,1,2,big
335,hisense,1,0,10.57620241,4.35,55,qled,1,16,0.006659862,4,0,0,1,3,1,2,2,1,3,1,2,big
336,hisense,1,0,10.89471877,4.15,65,qled,1,16,0.004851549,4,0,0,1,2,1,2,2,1,3,1,2,big
337,vzy,1,0,10.22197765,4.55,43,qled,1,16,0.008934545,4,1,0,0,4,1,2,1,1,2,0,2,small
338,kodak,1,0,10.96819829,4.75,65,miniled,1,19.2,0.005487164,4,1,0,0,2,1,2,0,1,4,1,2,medium
339,haier,1,0,11.7752205,4.25,75,miniled,1,44.8,0.002680975,4,1,0,0,1,1,2,3,2,4,1,1,big
340,vzy,0,0,9.679781343,4.2,32,led,1,16,0.00945591,4,1,0,0,0,0,0,1,0,0,0,2,small
341,panasonic,1,0,11.11216428,4.65,65,led,1,16,0.004165423,4,0,0,1,2,1,2,1,1,3,1,2,big
342,vzy,1,0,10.29977736,4.45,43,qled,0,16,0.00823381,3,0,0,1,4,1,2,3,1,2,0,1,small
343,acerpure,1,0,12.25486281,4.7,77,qled,1,32,0.001790485,4,0,0,1,1,1,2,3,2,4,0,1,medium
344,vzy,1,0,10.55843949,4.2,55,qled,0,16,0.006,3,1,0,0,3,1,2,3,1,2,1,1,small
345,onida,1,0,10.69194491,4.45,50,miniled,1,25.6,0.005764904,4,1,0,0,4,1,2,1,1,3,1,2,medium
346,toshiba,1,0,10.40399008,4,50,qled,1,16,0.006789936,4,1,0,0,4,1,2,1,1,2,1,2,big
347,toshiba,1,0,10.37320989,4.7,43,qled,1,16,0.00808065,4,1,0,0,4,1,2,1,0,2,0,2,big
348,acer,0,0,9.392661929,4.5,32,led,1,16,0.012376031,4,1,0,0,0,0,0,1,1,0,0,2,big
349,onida,1,0,10.29214554,4.45,55,led,1,19.2,0.006939218,4,0,0,1,3,1,2,1,1,1,1,2,medium
350,blaupunkt,1,0,10.4341158,4.5,55,qled,1,32,0.007279626,4,0,0,1,3,1,2,3,1,2,1,0,medium
351,thomson,1,0,10.71441777,4,65,qled,1,32,0.005689015,4,0,0,1,2,1,2,3,1,3,1,0,big
352,blaupunkt,1,0,10.73639668,4.2,65,qled,1,32,0.005295767,4,0,0,1,2,1,2,3,1,3,1,0,medium
353,kodak,1,0,10.40426284,4.45,55,qled,1,22.4,0.007686597,4,0,0,1,3,1,2,3,1,3,1,0,medium
354,thomson,1,0,11.08214255,4.65,75,qled,1,32,0.004793151,4,0,0,1,1,1,2,3,1,4,1,0,big
355,blaupunkt,1,0,11.09741002,4.35,75,qled,1,32,0.004218246,4,0,0,1,1,1,2,3,1,3,1,0,medium
356,lg,1,0,10.79939189,4.65,55,led,1,19.2,0.004935701,3,0,0,1,3,1,2,1,1,2,1,2,big
357,acer,0,0,9.510444964,4.2,32,qled,1,16,0.013378769,4,1,0,0,0,0,0,2,0,1,0,2,big
358,acer,1,0,10.08580911,4.75,43,qled,1,16,0.01088587,4,0,0,1,4,1,2,2,1,2,0,2,big
359,acer,1,0,10.4341158,4.05,55,qled,1,16,0.006670784,4,1,0,0,3,1,2,3,1,2,1,1,big
360,philips,1,0,11.19821472,4.4,75,qled,1,16,0.004038411,4,0,0,1,1,1,2,3,2,4,1,1,big
361,wobble,0,1,9.680344001,4.7,40,led,1,16,0.011163198,4,0,0,1,1,0,1,2,2,0,0,2,medium
362,wobble,0,0,9.392661929,4,32,led,1,16,0.012001,4,0,0,1,0,0,0,2,2,0,0,2,medium
363,croma,1,0,10.30865262,4,55,led,1,16,0.006135378,4,0,1,0,3,1,2,1,1,1,1,2,medium
364,acer,0,1,9.680344001,4.15,40,led,1,19.2,0.009338084,4,0,0,1,1,0,1,1,1,0,0,2,big
365,acer,1,0,10.1266311,4.65,50,led,1,16,0.009858394,4,1,0,0,4,1,2,3,1,2,1,1,big
366,acerpure,1,0,10.49127422,4.25,55,qled,1,16,0.006493236,4,1,0,0,3,1,2,3,1,2,1,1,medium
367,hisense,1,0,10.93130177,4.1,65,qled,1,25.6,0.004180829,4,0,0,1,2,1,2,3,1,3,1,1,big
368,hisense,1,0,10.57108613,4.25,55,qled,1,19.2,0.005777122,4,1,0,0,3,1,2,3,1,2,1,1,big
369,metz,1,0,10.81977828,4.35,55,qled,1,32,0.00548111,4,0,0,1,3,1,2,2,1,3,1,2,small
370,hisense,1,0,10.46284616,4.2,50,qled,1,16,0.006121749,4,1,0,0,4,1,2,3,1,2,1,1,big
371,realme,1,0,11.02679245,4.75,75,qled,1,22.4,0.004325274,4,0,0,1,1,1,2,2,1,2,1,2,big
372,vu,1,0,10.97678203,4.15,75,qled,1,16,0.004753073,4,0,0,1,1,1,2,1,1,4,1,2,big
373,blaupunkt,1,0,9.952277717,4.6,43,qled,1,16,0.010733844,4,0,0,1,4,1,2,3,1,1,0,1,medium
374,kodal,1,0,10.34174248,4.65,55,qled,1,16,0.007950256,4,0,0,1,3,1,2,3,1,2,1,1,small
375,thomson,1,0,10.1266311,4.6,50,qled,1,16,0.008280331,4,0,0,1,4,1,2,3,1,1,1,1,big
376,bpl,1,0,10.10606098,4.3,43,qled,1,22.4,0.007198857,4,0,0,1,4,1,2,1,2,1,0,2,small
377,croma,0,0,9.679781343,4.35,32,qled,1,16,0.010337711,4,0,1,0,0,0,0,3,0,0,0,1,medium
378,lg,1,0,12.34579741,4.6,77,qned,1,22.4,0.001542252,3,0,0,1,1,1,2,1,1,4,0,2,big
379,sony,1,0,11.10482188,4.2,50,led,1,16,0.003474207,4,1,0,0,4,1,2,1,1,2,1,2,big
380,sansui,0,0,9.509778075,4.25,32,led,1,16,0.011341735,4,0,0,1,0,0,0,1,2,0,0,2,medium
381,coocaa,1,0,10.1266311,4.15,55,led,1,32,0.007802312,4,0,0,1,3,1,2,1,1,1,1,2,medium
382,sansui,1,0,10.60883501,4.65,55,qled,1,32,0.00723512,4,0,0,1,3,1,2,2,1,3,1,2,medium
383,sansui,1,0,10.38871841,4.45,43,qled,1,32,0.007533087,4,1,0,0,4,1,2,2,1,2,0,2,medium
384,tcl,0,1,9.601774167,4.45,32,qled,1,16,0.011132522,4,0,0,1,0,0,0,1,0,0,0,2,big
385,tcl,1,0,11.28978191,4.7,65,qled,1,44.8,0.004288804,4,0,0,1,2,1,2,1,2,4,1,2,big
386,tcl,1,0,12.34579741,4.55,77,miniled,1,44.8,0.001582616,3,0,0,1,1,1,2,1,2,4,0,2,big
387,tcl,1,0,12.10071213,4,75,miniled,1,44.8,0.00180001,4,0,0,1,1,1,2,2,2,4,1,1,big
388,croma,1,0,9.998388558,4.3,43,qled,1,32,0.009581628,4,0,1,0,4,1,2,1,1,1,0,2,medium
389,kodak,1,0,10.6454249,4,65,qled,1,16,0.00533346,4,0,0,1,2,1,2,3,1,2,1,1,medium
390,panasonic,0,0,9.73979146,4.05,32,led,1,16,0.008110018,4,0,0,1,0,0,0,1,2,0,0,2,big
391,tcl,1,0,12.34579741,4.75,77,miniled,1,44.8,0.001542252,4,0,0,1,1,1,2,3,2,4,0,1,big
392,motorola,1,0,10.32548196,4.4,50,qled,1,32,0.007790419,4,0,0,1,4,1,2,3,1,2,1,1,big
393,sansui,1,0,10.51842992,4.6,50,qled,1,22.4,0.006715328,4,1,0,0,4,1,2,2,1,2,1,2,medium
394,croma,0,0,9.305195903,4,32,qled,1,16,0.014553393,4,0,1,0,0,0,0,1,0,1,0,2,medium
395,blaupunkt,0,1,9.546812609,4.05,40,led,1,19.2,0.009547111,4,0,0,1,1,0,1,3,0,0,0,1,medium
396,croma,1,0,9.903037451,4.25,43,led,1,32,0.009567284,4,0,1,0,4,1,2,1,1,1,0,2,medium
397,infinix,0,0,9.305650552,4.75,32,qled,1,16,0.014955515,4,0,0,1,0,0,0,1,2,0,0,2,medium
398,coocaa,0,0,9.121509158,4.6,32,led,1,16,0.014955515,4,0,0,1,0,0,0,1,0,0,0,2,medium
399,reliance,0,1,9.324204628,4.25,32,led,1,19.2,0.013275324,4,0,0,1,1,0,1,1,1,0,0,2,medium
400,innoq,0,0,9.121509158,4.4,32,led,1,16,0.014955515,4,0,0,1,0,0,0,2,0,0,0,2,small
401,uniboom,0,0,9.121509158,4.1,32,led,0,16,0.014189435,3,1,0,0,0,0,0,2,0,0,0,2,medium
402,uniboom,0,1,9.375091808,4.2,40,led,0,19.2,0.011043257,3,1,0,0,1,0,1,2,1,0,0,2,medium
403,blaupunkt,1,0,11.46163217,4.35,75,led,1,16,0.003205297,4,0,0,1,1,1,2,0,1,4,1,2,medium
404,realme,1,0,10.65725935,4.6,65,led,1,28.8,0.005303654,4,0,0,1,2,1,2,2,1,1,1,2,big
405,uniboom,0,0,9.121509158,4.6,32,led,1,16,0.014955515,3,1,0,0,0,0,0,2,0,0,0,2,medium
406,croma,0,0,9.258654232,4.4,32,led,1,16,0.014955515,4,0,1,0,0,0,0,1,0,0,0,2,medium
407,toshiba,1,0,10.93294624,4,65,qled,1,28.8,0.00428648,4,1,0,0,2,1,2,1,1,3,1,2,big
408,vu,1,0,10.77895629,4.4,65,qled,1,16,0.006050126,4,1,0,0,2,1,2,1,1,3,1,2,big
409,croma,1,0,10.37320989,4.3,50,qled,1,32,0.007124101,4,0,1,0,4,1,2,1,1,2,1,2,medium
410,vu,1,0,10.08543404,4.15,43,qled,1,16,0.010206336,4,1,0,0,4,1,2,1,1,3,0,2,big
411,haier,1,0,10.18493775,4.15,43,led,1,32,0.006890566,4,0,0,1,4,1,2,1,1,1,0,2,big
412,realme,0,0,9.305650552,4.05,32,qled,1,16,0.013255751,4,0,0,1,0,0,0,1,0,0,0,2,big
413,sony,1,0,12.34579741,4,77,miniled,1,44.8,0.001542252,4,0,1,0,1,1,2,1,2,4,0,2,big
414,kenstar,1,0,10.13855967,4.3,55,led,1,25.6,0.007648524,4,0,0,1,3,1,2,1,2,1,1,2,big
415,kenstar,1,0,9.989665249,4,50,led,1,19.2,0.00789027,4,0,0,1,4,1,2,1,2,1,1,2,big
416,haier,1,0,11.09727365,4.7,65,qled,1,32,0.004558266,4,0,1,0,2,1,2,2,1,3,1,2,big
417,motorola,0,0,9.367344121,4.35,32,qled,1,16,0.014129413,4,0,0,1,0,0,0,3,0,0,0,1,big
418,iffalcon,1,0,11.15625052,4.7,75,led,1,32,0.004095773,3,0,0,1,1,1,2,2,2,3,1,2,big
419,thomson,1,0,11.46163217,4.25,75,miniled,1,16,0.003131612,4,0,0,1,1,1,2,0,1,4,1,2,big
420,iffalcon,1,0,10.81977828,4.45,65,qled,1,32,0.005607112,3,0,0,1,2,1,2,1,2,3,1,2,big
421,kodak,0,0,9.121509158,4.75,32,qled,1,16,0.014955515,4,1,0,0,0,0,0,3,0,0,0,1,medium
422,kodak,0,1,9.546812609,4.4,40,qled,1,19.2,0.011000786,4,0,0,1,1,0,1,3,0,0,0,1,medium
423,kodak,0,0,9.121509158,4.6,32,qled,1,16,0.014955515,4,0,0,1,0,0,0,1,1,0,0,2,medium
424,toshiba,1,0,10.71441777,4.3,65,led,1,16,0.005542345,4,1,0,0,2,1,2,1,1,3,1,2,big
425,hisense,1,0,10.20359214,4,50,led,1,28.8,0.007111374,4,1,0,0,4,1,2,2,1,1,1,2,big
426,xiaomi,1,0,10.08580911,4.4,43,led,1,25.6,0.008250344,4,0,0,1,4,1,2,1,1,1,0,2,big
427,toshiba,0,1,9.903487553,4.25,40,led,1,19.2,0.008075404,4,0,0,1,1,0,1,1,1,0,0,2,big
428,philips,1,0,10.93310697,4.75,65,qled,1,32,0.005513491,4,1,0,0,2,1,2,2,1,3,1,2,big
429,toshiba,0,0,9.546169545,4.7,32,led,1,16,0.011758399,4,1,0,0,0,0,0,1,2,0,0,2,big
430,nu,1,0,10.1266311,4.55,43,led,1,19.2,0.008190328,4,0,0,1,4,1,2,1,1,1,0,2,small
431,nu,1,0,10.46310334,4.55,55,led,1,22.4,0.006240178,4,0,0,1,3,1,2,1,1,1,1,2,small
432,nu,0,1,9.903487553,4,43,led,1,19.2,0.00820041,4,1,0,0,1,0,1,1,2,1,0,2,small
433,croma,1,0,10.87787737,4.5,65,led,1,32,0.004755614,4,0,1,0,2,1,2,1,1,2,1,2,medium
434,philips,0,1,9.510444964,4,32,led,1,16,0.011556412,4,1,0,0,0,0,0,1,2,0,0,2,big
435,coocaa,1,0,10.62132735,4.25,65,qled,1,32,0.006323325,4,1,0,0,2,1,2,3,1,3,1,1,medium
436,coocaa,1,0,10.20359214,4.6,43,qled,1,32,0.009541094,4,1,0,0,4,1,2,3,1,2,0,1,medium
437,sony,1,0,12.03996493,4.2,65,miniled,1,38.4,0.001909204,4,0,1,0,2,1,2,1,2,4,1,2,big
438,lg,1,0,12.01370075,4.1,55,oled,1,35.2,0.001963042,4,0,0,1,3,1,2,3,2,4,1,1,big
439,philips,1,0,10.6454249,4.3,55,qled,1,16,0.005938237,4,1,0,0,3,1,2,3,1,3,1,1,big
440,lg,1,0,11.21977514,4.65,65,led,1,25.6,0.003553425,4,0,1,0,2,1,2,1,1,3,1,2,big
441,xiaomi,1,0,10.51867319,4.45,55,qled,1,32,0.006615044,4,0,0,1,3,1,2,2,1,2,1,1,big
442,haier,1,0,11.56171563,4.55,55,oled,1,32,0.003380032,4,0,0,1,3,1,2,3,2,4,1,1,big
443,sony,1,0,12.34579741,4.65,77,miniled,1,44.8,0.001542252,4,1,0,0,1,1,2,1,2,4,0,2,big
444,sony,1,0,11.84861883,4.7,55,miniled,1,38.4,0.002519837,4,0,1,0,3,1,2,1,1,4,1,2,big
445,kodak,1,0,9.852194258,4.3,43,qled,1,22.4,0.009958419,4,1,0,0,4,1,2,3,1,1,0,1,medium
446,sony,1,0,11.96394376,4,65,miniled,1,38.4,0.001936429,4,1,0,0,2,1,2,1,1,4,1,2,big
447,vu,1,0,11.06649773,4.7,75,qled,1,16,0.00499453,4,1,0,0,1,1,2,3,1,4,1,0,big
448,vu,1,0,10.53198954,4.4,50,qled,1,16,0.007275637,4,0,0,1,4,1,2,3,1,3,1,0,big
449,haier,0,0,9.588776808,4.3,32,led,1,16,0.009130762,4,0,0,1,0,0,0,0,0,0,0,2,big
450,vu,1,0,10.81959827,4.55,65,qled,1,16,0.006007201,4,1,0,0,2,1,2,3,1,3,1,0,big
451,sony,1,0,12.34579741,4,55,oled,1,32,0.001542252,4,1,0,0,3,1,2,2,2,4,1,2,big
452,sony,1,0,11.7752205,4.65,55,miniled,1,28.8,0.002647127,4,1,0,0,3,1,2,1,1,4,1,2,big
453,sony,1,0,12.34579741,4.05,65,oled,1,32,0.001542252,4,1,0,0,2,1,2,2,2,4,1,2,big
454,coocaa,0,1,9.648595303,4.4,43,led,1,19.2,0.009368346,3,0,0,1,1,0,1,2,1,0,0,2,medium
455,sony,1,0,11.07583036,4.55,50,led,1,16,0.003874439,4,1,0,0,4,1,2,1,1,2,1,2,big
456,blaupunkt,1,0,10.34174248,4.75,55,qled,1,16,0.00827446,4,0,0,1,3,1,2,3,1,2,1,0,medium
457,blaupunkt,1,0,10.23995979,4.3,50,qled,1,16,0.008139576,4,0,0,1,4,1,2,3,1,2,1,1,medium
458,haier,0,1,9.852194258,4.2,32,qled,0,19.2,0.008179378,3,0,1,0,1,0,1,1,2,0,0,2,big
459,hisense,1,0,12.34579741,4.05,77,miniled,1,44.8,0.001542252,4,0,0,1,1,1,2,2,2,4,0,2,big
460,hisense,1,0,11.91839057,4.05,77,miniled,1,44.8,0.002214015,4,0,0,1,1,1,2,2,2,4,0,2,big
461,hisense,1,0,11.15625052,4.1,75,qled,1,25.6,0.004158631,4,1,0,0,1,1,2,2,1,4,1,2,big
462,lg,1,0,11.51283546,4.05,75,led,1,19.2,0.002632763,4,0,1,0,1,1,2,1,2,3,1,2,big
463,hisense,1,0,11.69524702,4.1,77,qled,1,44.8,0.002699189,4,1,0,0,1,1,2,2,2,4,0,2,big
464,beston,1,0,10.50232405,4.25,65,qled,1,22.4,0.00642188,4,0,0,1,2,1,2,2,1,2,1,1,medium
465,sony,1,0,11.01848159,4,50,led,1,19.2,0.003607149,4,1,0,0,4,1,2,1,1,2,1,2,big
466,tcl,1,0,11.58050934,4.25,75,miniled,1,38.4,0.003018946,4,0,0,1,1,1,2,1,1,4,1,2,big
467,samsung,1,0,11.35030065,4.75,75,led,1,22.4,0.003353336,3,1,0,0,1,1,2,1,1,3,1,2,big
468,tcl,1,0,11.51283546,4.5,75,miniled,1,32,0.003420342,3,1,0,0,1,1,2,1,2,4,1,2,big
469,lg,1,0,12.10066213,4.25,65,oled,1,38.4,0.001841769,4,0,0,1,2,1,2,3,2,4,1,1,big
470,lg,1,0,12.34579741,4.35,77,oled,1,32,0.001542252,4,0,1,0,1,1,2,3,2,4,1,1,big
471,sony,1,0,10.82359101,4.35,43,led,1,16,0.004420203,4,1,0,0,4,1,2,1,1,2,0,2,big
472,lg,0,0,9.517825072,4,32,led,1,16,0.010000735,3,0,1,0,0,0,0,1,1,0,0,2,big
473,reliance,1,0,10.44313384,4.7,55,led,1,16,0.006164923,4,0,0,1,3,1,2,1,1,1,1,2,medium
474,tcl,1,0,11.7752205,4.5,77,qled,1,32,0.002769444,4,1,0,0,1,1,2,1,2,4,0,2,big
475,toshiba,1,0,11.28978191,4.15,75,qled,1,16,0.003735047,4,0,0,1,1,1,2,2,1,4,1,2,big
476,toshiba,1,0,10.95080655,4.05,65,qled,1,16,0.004831664,4,1,0,0,2,1,2,1,1,4,1,2,big
477,toshiba,1,0,11.8493977,4.3,77,qled,1,16,0.002426446,4,0,0,1,1,1,2,3,1,4,0,1,big
478,toshiba,1,0,10.64521059,4.5,55,qled,1,16,0.006965944,4,1,0,0,3,1,2,1,1,3,1,2,big
479,lg,1,0,12.34579741,4.45,77,oled,1,44.8,0.001542252,4,0,1,0,1,1,2,3,2,4,1,1,big
480,sony,1,0,11.74237708,4,75,led,1,16,0.002035138,4,0,1,0,1,1,2,1,1,3,1,2,big
481,sony,1,0,11.36768002,4,65,led,1,16,0.002728955,4,1,0,0,2,1,2,1,1,3,1,2,big
482,tcl,1,0,10.81959827,4.15,65,led,1,19.2,0.004316863,3,0,1,0,2,1,2,1,1,2,1,2,big
483,reliance,0,0,9.386895334,4.5,32,led,1,16,0.012824811,4,0,0,1,0,0,0,1,2,0,0,2,medium
484,tcl,1,0,10.46284616,4.35,50,led,1,16,0.006340383,3,0,1,0,4,1,2,0,1,2,1,2,big
485,tcl,1,0,11.00209984,4.35,65,qled,1,32,0.00478508,3,0,0,1,2,1,2,3,2,3,1,1,big
486,tcl,1,0,11.22512339,4.75,75,qled,1,16,0.004243899,3,1,0,0,1,1,2,2,1,4,1,2,big
487,samsung,0,1,10.07537991,4.75,43,led,1,19.2,0.0082,3,1,0,0,1,0,1,1,0,1,0,2,big
488,sony,1,0,10.83940443,4.15,43,led,1,16,0.004232202,4,1,0,0,4,1,2,1,1,2,0,2,big
489,lg,1,0,11.79803674,4.7,75,miniled,1,44.8,0.002756598,4,0,1,0,1,1,2,1,2,4,1,2,big
490,haier,1,0,10.801431,4.45,55,qled,1,32,0.00543899,4,0,1,0,3,1,2,2,1,3,1,2,big
491,realme,1,0,10.08580911,4.55,43,qled,1,32,0.009669153,4,0,0,1,4,1,2,3,1,2,0,1,big
492,iffalcon,1,0,10.30895266,4.7,50,led,1,16,0.007520251,3,0,0,1,4,1,2,1,1,1,1,2,big
493,haier,1,0,11.05865344,4.5,65,qled,1,32,0.004181761,4,1,0,0,2,1,2,2,1,3,1,2,big
494,samsung,1,0,10.63323182,4.1,55,led,1,22.4,0.005336226,3,0,0,1,3,1,2,1,1,2,1,2,big
495,croma,1,0,10.08543404,4.25,43,led,1,32,0.008149229,4,0,1,0,4,1,2,1,1,1,0,2,medium
496,samsung,0,0,9.769899015,4.6,32,led,0,16,0.008675277,3,0,0,1,0,0,0,1,1,0,0,2,big
497,haier,1,0,11.40756495,4.5,55,miniled,1,32,0.003650041,4,0,0,1,3,1,2,2,2,4,1,1,big
498,haier,1,0,10.45134881,4,43,qled,1,32,0.006128939,4,1,0,0,4,1,2,1,1,2,0,2,big
499,samsung,1,0,10.59663473,4.65,50,led,1,19.2,0.006161404,3,0,0,1,4,1,2,1,1,2,1,2,big
500,samsung,1,0,11.42944603,4.7,75,led,1,19.2,0.003167736,3,0,1,0,1,1,2,1,1,3,1,2,big
501,samsung,1,0,11.46163217,4,55,miniled,1,25.6,0.002947399,4,0,0,1,3,1,2,3,1,4,1,1,big
502,samsung,1,0,12.34579741,4.55,77,oled,1,44.8,0.001542252,4,0,1,0,1,1,2,3,2,4,1,1,big
503,samsung,0,1,10.1655056,4.75,43,led,0,19.2,0.007127741,3,1,0,0,1,0,1,1,0,0,0,2,big
504,samsung,1,0,10.74669133,4.25,43,qled,1,19.2,0.005029586,4,0,0,1,4,1,2,1,1,2,0,2,big
505,samsung,1,0,12.34579741,4.1,75,miniled,1,19.2,0.001542252,4,0,0,1,4,1,2,3,0,4,1,0,big
506,samsung,1,0,11.8320408,4.65,55,miniled,1,32,0.002534705,4,0,0,1,3,1,2,3,1,4,1,1,big
507,samsung,1,0,12.34579741,4.5,77,oled,1,44.8,0.001542252,4,0,1,0,1,1,2,3,2,4,0,1,big
508,samsung,1,0,11.45694753,4.65,75,led,1,22.4,0.003098197,3,0,0,1,1,1,2,1,1,3,1,2,big
509,samsung,1,0,11.39629052,4.15,75,led,1,22.4,0.002937971,3,0,0,1,1,1,2,1,1,3,1,2,big
510,samsung,1,0,11.03474449,4.05,55,qled,1,19.2,0.003789321,4,0,1,0,3,1,2,1,1,3,1,2,big
511,samsung,1,0,11.89818787,4.45,75,qled,1,28.8,0.002028245,4,0,0,1,1,1,2,1,1,4,1,2,big
512,lg,0,0,9.713597426,4.25,32,led,1,16,0.008736397,3,0,1,0,0,0,0,1,1,0,0,2,big
513,samsung,1,0,11.38172279,4.5,65,qled,1,16,0.003181191,4,0,0,1,2,1,2,1,1,3,1,2,big
514,tcl,1,0,10.96804311,4.65,65,qled,1,32,0.005292292,4,1,0,0,2,1,2,1,2,3,1,2,big
515,samsung,1,0,11.00194983,4.05,65,led,1,22.4,0.004050675,3,0,0,1,2,1,2,1,1,3,1,2,big
516,tcl,1,0,10.46027076,4.3,55,led,1,22.4,0.006037249,3,0,0,1,3,1,2,1,1,1,1,2,big
517,tcl,1,0,10.95064864,4.25,65,qled,1,16,0.004847342,3,1,0,0,2,1,2,1,1,3,1,2,big
518,samsung,1,0,12.34579741,4.75,65,miniled,1,19.2,0.001567721,4,0,0,1,4,1,2,3,0,4,1,0,big
519,iffalcon,1,0,10.1266311,4.1,43,led,1,16,0.007380295,3,0,0,1,4,1,2,1,1,1,0,2,big
520,iffalcon,1,0,10.40426284,4.3,55,led,1,16,0.006254735,3,0,0,1,3,1,2,1,1,1,1,2,big
521,samsung,1,0,11.06961829,4.55,65,led,1,22.4,0.004111232,3,0,0,1,2,1,2,1,1,3,1,2,big
522,samsung,1,0,10.74270284,4.45,55,led,1,22.4,0.005191186,3,0,1,0,3,1,2,1,1,2,1,2,big
523,samsung,1,0,10.39053265,4.15,43,led,1,22.4,0.006502504,3,0,0,1,4,1,2,1,1,2,0,2,big
524,samsung,1,0,10.71885237,4.2,55,led,1,19.2,0.005110733,3,0,0,1,3,1,2,1,1,2,1,2,big
525,samsung,1,0,10.79119361,4.65,55,led,1,19.2,0.005263429,3,0,0,1,3,1,2,1,1,2,1,2,big
526,samsung,1,0,11.28339909,4.5,55,qled,1,19.2,0.003623097,4,0,0,1,3,1,2,1,2,3,1,2,big
527,samsung,1,0,11.26241072,4.75,65,led,1,22.4,0.003539357,3,0,0,1,2,1,2,1,1,3,1,2,big
528,samsung,1,0,11.10094921,4.35,50,qled,1,19.2,0.004006311,4,0,0,1,4,1,2,1,1,3,1,2,big
529,samsung,1,0,10.83960052,4.6,50,led,1,22.4,0.004870588,3,0,0,1,4,1,2,1,1,2,1,2,big
530,samsung,1,0,10.50701086,4.1,43,led,1,22.4,0.005717801,3,0,0,1,4,1,2,1,1,2,0,2,big
531,lumio,1,0,10.91508846,4.7,55,miniled,1,32,0.005640103,4,1,0,0,3,1,2,1,2,3,1,2,big
532,vw,1,0,10.91871823,4.6,75,qled,1,32,0.0055001,4,1,0,0,1,1,2,3,1,3,1,1,big
533,lumio,1,0,10.54534144,4.25,55,qled,1,16,0.006710703,4,1,0,0,3,1,2,2,2,3,1,2,big
534,samsung,1,0,10.35745707,4.05,43,led,1,19.2,0.006687837,3,1,0,0,4,1,2,1,1,2,0,2,big
535,samsung,1,0,11.22512339,4.25,65,qled,1,22.4,0.003570476,3,1,0,0,2,1,2,1,1,3,1,2,big
536,samsung,1,0,10.62110781,4.5,55,led,1,19.2,0.006147841,3,1,0,0,3,1,2,1,1,2,1,2,big
537,samsung,1,0,10.57108613,4.35,50,led,1,19.2,0.006136189,3,1,0,0,4,1,2,1,1,2,1,2,big
538,samsung,1,0,10.49102419,4.65,43,qled,1,19.2,0.007106141,3,0,1,0,4,1,2,1,1,2,0,2,big
539,acer,1,0,10.858999,4.6,43,qled,1,16,0.004865478,4,0,0,1,4,1,2,2,1,2,0,2,big
540,tcl,0,0,9.6152053,4,32,qled,1,16,0.010140093,3,1,0,0,0,0,0,0,0,0,0,2,big
541,iffalcon,0,0,9.546812609,4.4,32,led,1,16,0.011000786,3,0,0,1,0,0,0,0,0,0,0,2,big
542,thomson,0,1,9.546812609,4.3,40,led,1,19.2,0.010750768,4,0,0,1,1,0,1,3,0,0,0,1,big
543,thomson,0,0,9.121509158,4,32,led,1,16,0.013553394,4,0,0,1,0,0,0,3,0,0,0,1,big
544,uniboom,0,1,9.546169545,4.05,43,led,1,19.2,0.010132237,4,0,0,1,1,0,1,2,1,0,0,2,medium
545,uniboom,0,0,9.121509158,4.7,32,led,0,16,0.013921016,3,0,0,1,0,0,0,2,0,0,0,2,medium
546,infinix,0,1,9.510444964,4.25,40,qled,1,19.2,0.011334173,4,0,0,1,1,0,1,0,1,0,0,2,medium
547,croma,1,0,10.49102419,4.05,55,led,1,25.6,0.005288969,4,0,1,0,3,1,2,1,1,1,1,2,medium
548,onida,1,0,10.03771245,4,43,led,1,19.2,0.007520112,3,0,0,1,4,1,2,1,2,1,0,2,medium
549,lg,0,0,9.905285934,4.6,32,led,1,16,0.008724732,3,0,0,1,0,0,0,1,2,0,0,2,big
550,onida,0,0,9.472704636,4.55,32,qled,1,16,0.014001077,4,0,0,1,0,0,0,1,2,1,0,2,medium
551,toshiba,1,0,10.81977828,4.75,65,qled,1,16,0.006270125,4,0,0,1,2,1,2,3,1,3,1,1,big
552,toshiba,1,0,10.54534144,4.55,55,qled,1,16,0.00754362,4,0,0,1,3,1,2,3,1,3,1,1,big
553,tcl,1,0,12.34579741,4.65,77,miniled,1,44.8,0.001542252,4,0,0,1,1,1,2,1,2,4,0,2,big
554,blackdecker,1,0,10.30895266,4.05,50,led,1,16,0.007290243,4,1,0,0,4,1,2,2,1,2,1,2,small
555,lloyd,0,1,10.0367064,4.2,43,led,1,19.2,0.006801173,4,0,0,1,1,0,1,1,1,0,0,2,medium
556,croma,0,0,9.121509158,4.55,32,led,1,16,0.014955515,4,0,1,0,0,0,0,1,2,0,0,2,medium
557,reliance,1,0,10.04285811,4,43,led,1,19.2,0.007481514,4,0,0,1,4,1,2,1,1,1,0,2,medium
558,infinix,1,0,10.20359214,4.1,55,qled,1,16,0.008352161,4,0,0,1,3,1,2,3,1,2,1,1,medium
559,acer,1,0,11.17099838,4.75,65,qled,1,16,0.004613663,4,0,0,1,2,1,2,3,1,4,1,1,big
560,acer,1,0,11.51292546,4.35,75,qled,1,32,0.003306033,4,1,0,0,1,1,2,3,2,4,1,1,big
561,foxsky,1,0,10.6454249,4.35,65,qled,1,16,0.006835877,4,1,0,0,2,1,2,2,1,3,1,2,medium
562,foxsky,1,0,11.15625052,4.5,75,qled,1,16,0.004500064,4,1,0,0,1,1,2,2,1,4,1,2,medium
563,reliance,1,0,10.30598158,4.7,55,qled,1,22.4,0.008014042,4,0,0,1,3,1,2,1,2,2,1,2,medium
564,vu,1,0,11.08966801,4.65,65,qled,1,16,0.005254237,4,1,0,0,2,1,2,1,2,4,1,2,big
565,foxsky,1,0,10.1266311,4.55,50,qled,1,25.6,0.0100104,4,0,0,1,4,1,2,2,1,2,1,2,medium
566,foxsky,1,0,10.23995979,4.45,55,qled,1,25.6,0.008741384,4,0,0,1,3,1,2,2,1,2,1,2,medium
567,samsung,1,0,11.22512339,4.6,55,qled,1,28.8,0.004109881,4,1,0,0,3,1,2,1,1,4,1,2,big
568,hisense,0,1,10.12627104,4.5,43,led,1,19.2,0.007382953,4,0,0,1,1,0,1,2,1,1,0,2,big
569,acer,0,0,9.642122788,4.3,32,qled,1,16,0.011448795,4,0,0,1,0,0,0,2,2,1,0,2,big
570,acer,1,0,10.54534144,4.1,55,qled,1,16,0.006797547,4,1,0,0,3,1,2,3,1,3,1,1,big
571,acer,1,0,10.38899537,4.1,50,qled,1,16,0.007821779,4,1,0,0,4,1,2,3,1,3,1,1,big
572,vu,1,0,10.22918769,4.6,50,led,1,16,0.009133904,4,0,0,1,4,1,2,1,1,2,1,2,big
573,vu,1,0,10.27474072,4.35,43,led,1,16,0.007952742,4,0,0,1,4,1,2,1,1,2,0,2,big
574,hisense,0,0,9.392661929,4.2,32,led,1,16,0.01260105,4,1,0,0,0,0,0,2,2,0,0,2,big
575,xiaomi,1,0,11.17043516,4.6,65,qled,1,32,0.004405696,4,1,0,0,2,1,2,2,1,4,1,2,big
576,realme,1,0,10.1266311,4.3,55,led,1,16,0.00825633,4,0,0,1,3,1,2,3,1,1,1,1,big
577,realme,1,0,10.10233841,4.75,43,led,1,16,0.008955285,4,0,0,1,4,1,2,2,1,1,0,2,big
578,realme,1,0,10.54006438,4.25,65,qled,1,16,0.0064089,4,0,0,1,2,1,2,3,1,3,1,1,big
579,xiaomi,1,0,10.43705266,4.4,55,led,1,19.2,0.006709874,4,0,0,1,3,1,2,2,1,2,1,2,big
580,infinix,0,0,9.121509158,4.05,32,led,1,16,0.014948208,3,0,0,1,0,0,0,0,0,0,0,2,medium
581,samsung,1,0,10.736201,4.2,55,led,1,22.4,0.004931507,4,1,0,0,3,1,2,1,1,2,1,2,big
582,sony,1,0,12.34579741,4.4,65,oled,1,32,0.001542252,4,0,1,0,2,1,2,3,2,4,1,1,big
583,sony,1,0,12.34579741,4.3,75,qled,1,32,0.001542252,4,1,0,0,1,1,2,3,2,4,1,1,big
584,sony,1,0,12.34579741,4.35,77,qled,1,32,0.001542252,4,1,0,0,1,1,2,3,2,4,0,1,big
585,wobble,0,0,9.546812609,4.25,32,led,1,16,0.011232945,4,1,0,0,0,0,0,1,0,0,0,2,medium
586,sony,1,0,11.19409666,4.65,50,led,1,16,0.003965667,4,0,0,1,4,1,2,1,1,3,1,2,big
587,sony,1,0,11.85645134,4.75,75,led,1,16,0.002358323,4,1,0,0,1,1,2,1,1,4,1,2,big
588,hisense,1,0,11.00209984,4.65,65,qled,1,22.4,0.005115085,4,0,0,1,2,1,2,1,1,3,1,2,big
589,kodak,0,0,9.259130536,4.55,32,qled,1,16,0.014955515,4,0,0,1,0,0,0,3,0,1,0,1,medium
590,haier,0,1,10.76593437,4.65,43,led,1,19.2,0.004220313,4,0,0,1,1,0,1,1,2,1,0,2,big
591,thomson,0,0,9.259130536,4.3,32,qled,1,16,0.014955515,4,0,0,1,0,0,0,3,0,1,0,1,big
592,sony,1,0,11.23837019,4.1,55,led,1,16,0.003291223,4,1,0,0,3,1,2,1,1,3,1,2,big
593,sony,0,0,10.27474072,4.25,32,led,1,16,0.006157296,4,1,0,0,0,0,0,1,0,1,0,2,big
594,hisense,1,0,10.69194491,4.6,65,led,1,16,0.006063774,4,0,0,1,2,1,2,1,1,3,1,2,big
595,sony,0,0,10.25734353,4.6,32,led,1,16,0.006458406,4,1,0,0,0,0,0,1,0,1,0,2,big
596,sony,1,0,10.79957558,4.5,50,led,1,16,0.004867446,4,0,0,1,4,1,2,1,1,2,1,2,big
597,sony,1,0,12.24043059,4.7,65,miniled,1,32,0.001839219,4,0,0,1,2,1,2,3,2,4,1,1,big
598,samsung,1,0,12.34579741,4.2,77,led,1,28.8,0.001542252,4,0,1,0,1,1,2,1,1,4,0,2,big
599,hisense,1,0,10.38176932,4.65,55,qled,1,19.2,0.008503022,4,1,0,0,3,1,2,1,1,3,1,2,big
600,toshiba,1,0,11.76756768,4.5,77,qled,1,32,0.002651183,4,1,0,0,1,1,2,3,2,4,0,1,big
601,hisense,1,0,10.04324949,4.35,43,led,1,16,0.010024349,4,0,0,1,4,1,2,1,1,2,0,2,big
602,croma,0,0,9.121509158,4,32,led,0,16,0.012020033,3,0,1,0,0,0,0,0,0,0,0,2,medium
603,croma,1,0,11.08206562,4.5,75,qled,1,16,0.004084992,4,0,1,0,1,1,2,1,1,3,1,2,medium
604,hisense,1,0,10.87636654,4.4,65,qled,1,28.8,0.005571726,4,0,0,1,2,1,2,1,1,4,1,2,big
605,redmi,0,0,9.546812609,4.3,32,led,1,16,0.009829274,4,0,1,0,0,0,0,1,0,0,0,2,big
606,hisense,1,0,11.35335513,4,75,qled,1,25.6,0.003472141,4,0,0,1,1,1,2,2,1,4,1,2,big
607,iffalcon,0,0,9.903037451,4.5,32,led,1,16,0.008329165,3,0,0,1,0,0,0,0,0,0,0,2,big
608,samsung,1,0,10.95064864,4.35,55,qled,1,25.6,0.004350763,4,0,1,0,3,1,2,1,1,3,1,2,big
609,toshiba,1,0,10.5865844,4.75,55,qled,1,28.8,0.007437056,4,0,1,0,3,1,2,1,1,3,1,2,big
610,sony,1,0,11.15625052,4.25,65,led,1,16,0.003764339,4,0,0,1,2,1,2,1,1,3,1,2,big
611,tcl,1,0,12.0256952,4.65,65,qled,1,32,0.001809989,3,0,0,1,2,1,2,1,1,3,1,2,big
612,lg,1,0,11.07434298,4.35,65,led,1,19.2,0.003709647,4,0,1,0,2,1,2,1,1,2,1,2,big
613,lg,1,0,10.66883911,4.25,55,led,1,22.4,0.005140252,4,0,1,0,3,1,2,1,1,2,1,2,big
614,tcl,1,0,11.71170255,4.6,55,qled,1,32,0.002187065,3,0,0,1,3,1,2,1,1,3,1,2,big
615,lg,1,0,12.04355372,4.15,65,oled,1,44.8,0.001977365,4,0,0,1,2,1,2,3,2,4,1,1,big
616,tcl,1,0,11.69524702,4.55,75,qled,1,16,0.002502521,4,0,0,1,1,1,2,2,1,3,1,1,big
617,motorola,1,0,10.93308911,4.75,65,qled,1,16,0.005174292,4,0,0,1,2,1,2,1,1,3,1,2,big
618,tcl,0,1,9.391911647,4.55,32,led,1,19.2,0.013281902,3,0,1,0,1,0,1,1,0,0,0,2,big
619,motorola,1,0,10.47728798,4.35,55,miniled,1,16,0.007107242,4,0,0,1,3,1,2,1,1,3,1,2,big
620,tcl,1,0,10.17351469,4.3,50,led,1,16,0.008534677,3,0,1,0,4,1,2,1,1,2,1,2,big
621,tcl,1,0,10.46310334,4.75,55,qled,1,32,0.00814309,3,0,0,1,3,1,2,1,1,3,1,2,big
622,samsung,1,0,12.34579741,4.65,75,qled,1,19.2,0.001542252,4,1,0,0,4,1,2,3,0,4,1,0,big
623,samsung,1,0,11.23188794,4.4,50,qled,1,28.8,0.003846409,4,0,1,0,4,1,2,3,1,3,1,1,big
624,samsung,1,0,11.15612194,4,65,led,1,25.6,0.003257608,3,0,0,1,2,1,2,1,1,3,1,2,big
625,samsung,1,0,12.34579741,4.3,77,oled,1,41.6,0.001542252,4,1,0,0,1,1,2,3,2,4,1,0,big
626,samsung,1,0,10.96804311,4.05,65,led,1,19.2,0.00384118,3,0,1,0,2,1,2,1,1,2,1,2,big
627,samsung,1,0,10.54534144,4.55,50,led,1,19.2,0.0065857,3,0,0,1,4,1,2,1,1,2,1,2,big
628,samsung,1,0,10.55841352,4.15,55,led,1,22.4,0.00582093,3,0,0,1,3,1,2,1,1,2,1,2,big
629,samsung,1,0,10.46364605,4.05,43,led,1,19.2,0.00578274,3,0,0,1,4,1,2,1,1,1,0,2,big
630,samsung,1,0,11.51283546,4.75,65,qled,1,19.2,0.003135314,4,0,0,1,2,1,2,1,1,3,1,2,big
631,samsung,1,0,11.51283546,4.1,75,led,1,16,0.002583258,4,0,0,1,1,1,2,1,1,3,1,2,big
632,samsung,1,0,10.82818287,4.7,50,qled,1,22.4,0.005220047,4,0,0,1,4,1,2,1,1,2,1,2,big
633,lloyd,1,0,10.2490611,4.3,43,led,1,19.2,0.006543975,4,0,0,1,4,1,2,1,1,1,0,2,medium
634,samsung,1,0,10.51842992,4.7,43,led,1,19.2,0.006734253,3,0,0,1,4,1,2,1,1,2,0,2,big
635,samsung,1,0,11.03474449,4.25,55,qled,1,19.2,0.004045007,4,0,0,1,3,1,2,1,1,3,1,2,big
636,kodak,0,1,9.581903928,4.75,43,led,1,19.2,0.01081109,4,0,0,1,1,0,1,2,1,0,0,2,medium
637,bpl,1,0,10.1266311,4.15,43,led,1,22.4,0.007802312,4,0,0,1,4,1,2,1,1,1,0,2,small
638,lg,1,0,10.95771247,4.65,55,qned,1,19.2,0.004942154,4,0,1,0,3,1,2,1,1,3,1,2,big
639,bpl,0,0,9.455245415,4.05,32,led,1,16,0.009828558,4,0,0,1,0,0,0,1,1,0,0,2,small
640,samsung,0,1,10.02127059,4.75,43,led,1,19.2,0.007600338,3,0,0,1,1,0,1,1,1,0,0,2,big
641,foxsky,1,0,10.51867319,4.45,65,led,1,25.6,0.005051488,4,0,0,1,2,1,2,2,0,1,1,2,medium
642,panasonic,0,1,10.23336667,4.75,43,led,1,19.2,0.005976991,3,0,0,1,1,0,1,1,0,0,0,2,big
643,blaupunkt,1,0,10.22557105,4.1,55,led,1,22.4,0.006685025,4,0,1,0,3,1,2,3,1,1,1,1,medium
644,tcl,0,1,10.37950432,4.75,43,led,0,19.2,0.006197192,3,0,0,1,4,1,2,1,2,1,0,2,big
645,motorola,1,0,10.14643373,4.45,55,led,1,16,0.008027766,4,0,0,1,3,1,2,1,1,1,1,2,big
646,croma,0,1,9.679781343,4.75,43,led,1,19.2,0.010100063,4,0,1,0,1,0,1,1,0,0,0,2,medium
647,haier,1,0,10.66641729,4.4,55,led,1,32,0.005334577,4,0,0,1,3,1,2,1,1,2,1,2,big
648,iffalcon,1,0,10.43705266,4.45,55,qled,1,19.2,0.00717763,3,0,1,0,3,1,2,3,1,2,1,1,big
649,hisense,1,0,12.34579741,4.2,77,laser,1,28.8,0.001542252,4,1,0,0,1,1,2,3,1,4,0,1,big
650,xiaomi,1,0,10.51596683,4.7,55,led,1,19.2,0.00675086,4,0,0,1,3,1,2,2,1,2,1,2,big
651,xiaomi,1,0,10.20325876,4.4,43,led,1,25.6,0.008151167,4,0,0,1,4,1,2,2,1,1,0,2,big
652,xiaomi,1,0,10.32219789,4.65,50,led,1,22.4,0.007801243,4,0,0,1,4,1,2,2,1,2,1,2,big
653,lg,1,0,11.46153743,4.3,48,oled,1,19.2,0.00262554,4,0,0,1,4,1,2,1,1,3,0,2,big
654,lg,1,0,11.51283546,4.45,55,oled,1,19.2,0.002714771,4,0,0,1,3,1,2,1,1,3,1,2,big
655,panasonic,0,0,9.509778075,4.05,32,led,1,16,0.010207561,4,0,1,0,0,0,0,1,1,0,0,2,big
656,panasonic,0,0,10.08580911,4.75,32,led,1,16,0.007125297,4,0,0,1,0,0,0,1,2,0,0,2,big
657,onida,0,0,9.567665105,4.3,32,led,1,16,0.010829719,4,0,0,1,0,0,0,1,2,0,0,2,medium
658,westinghouse,0,0,9.121509158,4.05,32,led,1,16,0.01485165,4,0,1,0,0,0,0,3,0,0,0,1,small
659,lg,1,0,11.08200408,4.65,65,led,1,22.4,0.003720572,4,0,0,1,2,1,2,1,1,2,1,2,big
660,lg,1,0,10.71621615,4.7,55,led,1,19.2,0.005525732,4,0,0,1,3,1,2,1,1,2,1,2,big
661,lg,1,0,10.71441777,4.35,50,led,1,19.2,0.004446765,4,0,0,1,4,1,2,1,1,1,1,2,big
662,haier,1,0,10.59640971,4.3,50,led,1,32,0.005483871,4,0,1,0,4,1,2,1,1,2,1,2,big
663,haier,1,0,10.40399008,4.45,43,led,1,32,0.006609579,4,0,1,0,4,1,2,1,1,1,0,2,big
664,kodak,0,0,9.121509158,4.4,32,led,1,16,0.014955515,4,0,0,1,0,0,0,2,0,0,0,2,medium
665,lg,1,0,10.34996664,4.55,43,led,1,22.4,0.006987682,4,0,0,1,4,1,2,1,1,1,0,2,big
666,sony,1,0,12.34579741,4.75,77,oled,1,32,0.001542252,4,0,0,1,1,1,2,3,2,4,1,1,big
667,blaupunkt,0,1,9.546812609,4.1,40,led,1,19.2,0.011129366,4,0,0,1,1,0,1,3,0,0,0,1,medium
668,sony,1,0,11.22512339,4.05,55,led,1,32,0.003348446,4,0,0,1,3,1,2,0,1,3,1,2,big
669,sony,1,0,10.96804311,4.35,55,led,1,25.6,0.004275737,4,0,0,1,3,1,2,1,1,3,1,2,big
670,thomson,0,0,9.121509158,4.75,32,led,1,16,0.014955515,4,0,0,1,0,0,0,2,1,0,0,2,big
671,marq,0,0,9.121509158,4.2,32,led,0,16,0.011761568,3,0,0,1,0,0,0,1,0,0,0,2,medium
672,panasonic,1,0,10.63344871,4.35,55,led,0,19.2,0.005786164,3,0,0,1,1,1,1,1,2,2,1,2,big
673,blaupunkt,0,1,9.546812609,4.65,39.37,led,1,19.2,0.010961497,4,0,0,1,1,0,1,3,0,0,0,1,medium
674,samsung,1,0,10.60542102,4.7,43,led,1,19.2,0.005008426,4,0,0,1,4,1,2,1,1,1,0,2,big
675,xelectron,0,0,9.121509158,4.45,32,led,0,16,0.013351907,3,0,0,1,0,0,0,1,0,0,0,2,small
676,samsung,1,0,10.91492481,4.65,55,qled,1,25.6,0.004228041,4,0,0,1,3,1,2,1,1,1,1,2,big
677,haier,0,0,9.932852161,4.2,32,led,1,16,0.006321923,3,0,0,1,0,0,0,0,0,0,0,2,big
678,samsung,1,0,11.46153743,4.2,75,led,1,22.4,0.002873987,3,0,0,1,1,1,2,1,2,3,1,2,big
679,beethosol,0,1,9.797626912,4.55,43,led,1,19.2,0.00885214,4,1,0,0,1,0,1,1,0,0,0,2,small
680,lloyd,1,0,10.30269982,4.65,43,qled,1,22.4,0.007174963,4,0,0,1,4,1,2,1,1,1,0,2,medium
681,thomson,0,0,9.121509158,4.1,32,led,1,16,0.014955515,4,0,0,1,0,0,0,1,1,0,0,2,big
682,samsung,0,0,9.837828404,4.75,32,led,1,16,0.007862559,3,0,0,1,0,0,0,1,0,0,0,2,big
683,samsung,0,1,10.02087051,4.45,43,led,1,19.2,0.0069253,3,0,1,0,1,0,1,1,0,0,0,2,big
684,hisense,1,0,11.2515607,4.15,65,qled,1,19.2,0.002802634,4,0,0,1,2,1,2,1,2,2,1,2,big
685,lloyd,0,0,9.775142687,4.55,32,led,1,16,0.00827743,4,0,0,1,0,0,0,1,0,0,0,2,medium
686,samsung,1,0,10.71421775,4.55,55,led,1,22.4,0.004449878,3,0,0,1,3,1,2,1,1,1,1,2,big
687,infinix,1,0,10.40426284,4.15,55,qled,1,22.4,0.005910785,4,0,0,1,3,1,2,3,1,1,1,1,medium
688,lg,1,0,10.91492481,4,55,led,1,22.4,0.003782506,4,0,0,1,3,1,2,1,1,2,1,2,big
689,thomson,1,0,10.858999,4.25,65,qled,1,22.4,0.004086617,4,0,0,1,2,1,2,3,1,1,1,1,big
690,lg,1,0,11.11231356,4.75,65,led,1,22.4,0.00382893,4,0,0,1,2,1,2,1,1,2,1,2,big
691,vu,1,0,10.58382808,4.45,55,led,1,16,0.007211952,4,1,0,0,3,1,2,0,1,3,1,2,big
692,lg,1,0,10.71421775,4,55,led,1,19.2,0.004000889,4,0,0,1,3,1,2,1,1,1,1,2,big
693,lg,1,0,10.40399008,4.05,43,led,1,22.4,0.005156108,4,0,1,0,4,1,2,1,2,1,0,2,big
694,lg,1,0,10.4341158,4,43,led,1,19.2,0.005058972,4,0,1,0,4,1,2,1,2,1,0,2,big
695,lg,1,0,10.69174035,4.65,55,led,1,19.2,0.004545351,3,0,1,0,3,1,2,1,2,1,1,2,big
696,lg,0,1,9.976691545,4.15,32,led,1,16,0.006750163,3,0,0,1,0,0,0,1,2,0,0,2,big
697,infinix,0,0,9.121509158,4.4,32,led,1,16,0.014955515,4,0,0,1,0,0,0,1,1,0,0,2,medium
698,lg,1,0,10.27505111,4.25,43,led,1,19.2,0.006155385,3,0,0,1,4,1,2,1,2,1,0,2,big
699,tcl,1,0,10.81959827,4.05,65,led,1,25.6,0.003726745,3,0,0,1,2,1,2,2,1,1,1,2,big
700,samsung,1,0,12.10060657,4.2,65,qled,1,19.2,0.001563507,4,0,0,1,4,1,2,3,0,4,1,1,big
701,sony,1,0,11.00194983,4.7,43,led,1,19.2,0.003603934,4,0,0,1,4,1,2,1,1,1,0,2,big
702,samsung,1,0,10.37349118,4.35,43,led,1,19.2,0.005845495,3,0,0,1,4,1,2,1,2,1,0,2,big
703,lg,0,1,10.35745707,4.05,32,led,1,19.2,0.004758654,3,0,0,1,1,0,1,1,1,0,0,2,big
704,sony,1,0,11.22512339,4.6,65,led,1,22.4,0.003312442,4,0,0,1,2,1,2,1,1,2,1,2,big
705,lg,0,0,9.531771484,4.15,32,led,1,16,0.01113488,3,0,1,0,0,0,0,1,0,0,0,2,big
706,xiaomi,0,0,9.392661929,4.15,32,led,1,16,0.011759313,4,0,0,1,0,0,0,1,0,0,0,2,big
707,samsung,1,0,10.46313191,4.05,43,led,1,22.4,0.00486,4,1,0,0,4,1,2,1,2,1,0,2,big
708,samsung,1,0,11.65260914,4.3,65,qled,1,19.2,0.002318462,4,0,0,1,2,1,2,3,1,3,1,1,big
709,samsung,1,0,10.91492481,4,55,qled,1,19.2,0.004000727,4,0,0,1,3,1,2,1,1,2,1,2,big
710,samsung,1,0,11.7752205,4.1,65,qled,1,19.2,0.001860912,4,0,0,1,2,1,2,3,1,3,1,1,big
711,samsung,1,0,10.736201,4.25,55,led,1,22.4,0.004066101,4,1,0,0,3,1,2,1,1,1,1,2,big
712,samsung,1,0,11.46153743,4.25,75,led,1,25.6,0.002550268,3,0,0,1,1,1,2,1,1,3,1,2,big
713,foxsky,1,0,10.1266311,4.25,50,led,1,25.6,0.006630265,4,1,0,0,4,1,2,2,0,0,1,2,medium
714,thomson,1,0,10.34174248,4.25,54.72,led,1,22.4,0.005895351,4,0,0,1,3,1,2,3,1,1,1,1,big
715,tseries,0,0,9.121509158,4.75,32,led,0,16,0.01285695,3,0,0,1,0,0,0,1,0,0,0,2,small
716,lg,1,0,11.15612194,4.65,65,led,1,19.2,0.003521217,4,0,0,1,2,1,2,1,1,2,1,2,big
717,lg,1,0,11.40746494,4.6,55,oled,1,32,0.003271475,4,0,0,1,3,1,2,3,1,3,1,1,big
718,foxsky,0,1,9.472704636,4.7,43,led,1,19.2,0.013016386,4,0,0,1,1,0,1,2,0,0,0,2,medium
719,samsung,1,0,11.00194983,4.4,55,qled,1,25.6,0.004180697,4,0,0,1,3,1,2,1,1,3,1,2,big
720,samsung,1,0,10.91492481,4,50,qled,1,19.2,0.003855246,4,0,0,1,4,1,2,1,1,2,1,2,big
721,samsung,1,0,11.28966941,4.05,65,led,1,19.2,0.003088511,4,0,0,1,2,1,2,1,1,3,1,2,big
722,samsung,1,0,11.65260914,4.75,65,qled,1,19.2,0.002561092,4,0,0,1,2,1,2,3,1,3,1,1,big
723,samsung,1,0,11.22512339,4.65,55,qled,1,22.4,0.003472463,4,0,0,1,3,1,2,3,1,2,1,1,big
724,samsung,1,0,10.43385106,4.45,43,led,1,19.2,0.005629597,3,0,0,1,4,1,2,1,2,1,0,2,big
725,samsung,1,0,11.40746494,4.1,75,led,1,22.4,0.002551395,4,0,0,1,1,1,2,1,1,2,1,2,big
726,samsung,1,0,10.69174035,4.3,55,led,1,19.2,0.004496476,3,0,0,1,3,1,2,1,1,1,1,2,big
727,samsung,1,0,10.40399008,4.25,43,led,1,19.2,0.005539557,3,0,0,1,4,1,2,1,2,1,0,2,big
728,compaq,0,0,9.210340372,4.35,32,led,1,16,0.014955515,4,0,0,1,0,0,0,1,2,0,0,2,small
729,lg,1,0,11.00209984,4.75,65,led,1,22.4,0.004116735,4,0,0,1,2,1,2,1,1,2,1,2,big
730,samsung,1,0,10.43385106,4.35,43,led,1,19.2,0.005503089,4,0,0,1,4,1,2,1,1,1,0,2,big
731,samsung,0,0,9.629905604,4.15,32,led,0,16,0.006001841,3,0,0,1,0,0,0,1,0,0,0,2,big
732,xiaomi,1,0,10.56170679,4.35,55,led,1,25.6,0.005293067,4,0,0,1,3,1,2,1,1,1,1,2,big
733,samsung,0,0,10.02127059,4.4,32,led,1,16,0.006062492,3,0,0,1,0,0,0,0,0,0,0,2,big
734,lg,0,1,10.44642212,4.05,43,led,1,19.2,0.004588902,3,0,0,1,1,0,1,1,0,0,0,2,big
735,lg,1,0,11.73606902,4.25,75,led,1,16,0.002006016,4,0,0,1,1,1,2,1,1,3,1,2,big
736,samsung,1,0,11.76756768,4.05,55,qled,1,28.8,0.001789549,4,0,0,1,3,1,2,3,1,3,1,1,big
737,rgl,0,1,9.121509158,4.6,32,led,1,19.2,0.014955515,4,0,0,1,1,0,1,1,0,0,0,2,small
738,xiaomi,0,0,9.472704636,4.35,32,led,1,16,0.011377798,4,0,0,1,0,0,0,1,0,0,0,2,big
739,lg,1,0,11.40756495,4.6,65,led,1,19.2,0.002811142,4,0,0,1,2,1,2,1,1,2,1,2,big
740,lloyd,1,0,10.261162,4.45,43,qled,1,19.2,0.007157593,4,0,0,1,4,1,2,1,1,1,0,2,medium
741,ifflacon,1,0,10.46310334,4.45,55,led,1,22.4,0.006357324,3,0,0,1,3,1,2,1,1,1,1,2,big
742,lg,1,0,11.49263092,4.25,75,led,1,22.4,0.002862537,3,0,1,0,1,1,2,1,2,3,1,2,big
743,tcl,1,0,11.28966941,4.75,75,qled,1,16,0.00391924,3,1,0,0,1,1,2,1,1,3,1,2,big
744,sansui,0,1,10.08543404,4.2,43,led,1,19.2,0.006827845,4,1,0,0,1,0,1,1,2,0,0,2,medium
745,samsung,1,0,10.69853678,4.1,50,led,1,25.6,0.005184014,3,0,1,0,4,1,2,2,1,2,1,2,big
746,samsung,1,0,12.34579741,4.1,65,micro,1,41.6,0.001542252,4,0,1,0,2,1,2,3,2,4,1,0,big
747,samsung,1,0,11.25920672,4.55,65,led,1,28.8,0.003694419,3,0,1,0,2,1,2,2,1,3,1,2,big
748,samsung,1,0,10.90579083,4.4,43,qled,1,19.2,0.004441182,4,0,1,0,4,1,2,1,1,2,0,2,big
749,samsung,1,0,11.05089001,4.4,65,led,1,28.8,0.004190543,3,0,0,1,2,1,2,2,1,3,1,2,big
750,samsung,1,0,10.54510457,4.25,43,led,1,22.4,0.00581732,3,0,1,0,4,1,2,2,1,2,0,2,big
751,tcl,1,0,11.12726298,4.6,65,qled,1,32,0.004735364,3,0,0,1,2,1,2,2,2,4,1,1,big
752,tseries,0,1,9.908475094,4.75,43,led,1,19.2,0.008980546,4,0,0,1,1,0,1,1,1,0,0,2,small
753,hisense,0,0,9.546812609,4.7,32,qled,1,16,0.013429531,4,0,0,1,0,0,0,1,2,1,0,2,big
754,lg,1,0,11.1953476,4.45,65,led,1,19.2,0.003790356,3,0,1,0,2,1,2,1,1,3,1,2,big
755,lg,1,0,11.12726298,4.15,65,led,1,25.6,0.003600788,3,1,0,0,2,1,2,1,1,3,1,2,big
756,croma,0,0,9.509778075,4,32,led,1,16,0.011564122,4,0,1,0,0,0,0,1,0,0,0,2,medium
757,realme,0,1,9.994241916,4.55,43,led,1,19.2,0.008726426,4,0,0,1,1,0,1,2,0,1,0,2,big
758,toshiba,1,0,10.23963831,4.25,43,led,1,25.6,0.007440157,4,1,0,0,4,1,2,2,0,1,0,2,big
759,hisense,1,0,10.81959827,4.2,65,led,1,22.4,0.004704941,4,1,0,0,2,1,2,2,1,2,1,2,big
760,samsung,1,0,11.48133159,4.65,65,qled,1,19.2,0.003263528,4,1,0,0,2,1,2,1,1,4,1,2,big
761,toshiba,1,0,10.37320989,4.55,50,led,1,22.4,0.007253829,4,1,0,0,4,1,2,2,0,2,1,2,big
762,samsung,1,0,11.37355994,4.5,75,led,1,22.4,0.003465916,3,1,0,0,1,1,2,1,1,4,1,2,big
763,samsung,1,0,12.10620259,4.5,55,oled,1,41.6,0.002038787,4,0,1,0,3,1,2,3,2,4,1,0,big
764,samsung,1,0,11.53753027,4.25,75,led,1,22.4,0.00277832,3,0,1,0,1,1,2,1,1,4,1,2,big
765,samsung,1,0,11.58988651,4.55,55,oled,1,38.4,0.003159751,4,0,0,1,3,1,2,1,1,4,1,2,big
766,samsung,1,0,12.30134192,4.55,65,oled,1,41.6,0.001737352,4,1,0,0,2,1,2,3,2,4,1,0,big
767,samsung,1,0,12.34579741,4.4,77,qled,1,44.8,0.001542252,4,0,1,0,1,1,2,2,2,4,0,2,big
768,samsung,1,0,11.73599701,4.2,65,qled,1,19.2,0.002217777,4,0,1,0,2,1,2,1,1,3,1,2,big
769,toshiba,0,1,10.12627104,4.35,43,qled,1,19.2,0.007833133,4,1,0,0,1,0,1,1,2,1,0,2,big
770,hisense,1,0,10.49102419,4.15,55,led,1,22.4,0.00622673,4,1,0,0,3,1,2,2,1,2,1,2,big
771,motorola,0,1,10.02127059,4.3,43,qled,1,19.2,0.008791502,4,0,0,1,1,0,1,3,0,1,0,1,big
772,croma,1,0,10.64521059,4.65,55,qled,1,32,0.006312217,4,0,1,0,3,1,2,1,1,3,1,2,medium
773,coocaa,1,0,11.06663836,4.35,75,miniled,1,32,0.004689917,4,1,0,0,1,1,2,3,1,4,1,1,medium
774,akai,0,0,9.471242029,4.4,32,led,1,16,0.011864407,4,0,0,1,0,0,0,1,0,0,0,2,small
775,onida,1,0,10.40426284,4.55,55,qled,1,22.4,0.006342616,4,1,0,0,3,1,2,1,1,1,1,2,medium
776,samsung,1,0,12.34579741,4,77,qled,1,38.4,0.001542252,3,0,1,0,1,1,2,1,2,4,0,2,big
777,bush,1,0,10.14643373,4,55,led,1,19.2,0.006745363,4,0,0,1,3,1,2,1,1,1,1,2,small
778,bush,0,1,9.61580548,4.2,43,led,1,19.2,0.010080672,4,0,0,1,1,0,1,1,1,0,0,2,small
779,haier,0,1,10.20288819,4.5,43,led,1,19.2,0.006504818,4,0,0,1,1,0,1,1,1,0,0,2,big
780,realme,1,0,11.48760766,4.3,77,qled,1,32,0.003175417,4,0,0,1,1,1,2,2,1,4,0,2,big
781,realme,1,0,10.70324447,4.45,65,qled,1,32,0.005900133,4,0,0,1,2,1,2,3,1,3,1,1,big
782,onida,1,0,10.2327913,4.6,43,qled,1,25.6,0.008273679,4,0,0,1,4,1,2,1,1,1,0,2,medium
783,onida,1,0,10.18490001,4.75,43,led,1,22.4,0.00878335,3,0,0,1,4,1,2,1,1,1,0,2,medium
784,onida,1,0,10.38899537,4.35,50,qled,1,22.4,0.006960214,4,0,0,1,4,1,2,1,1,2,1,2,medium
785,realme,0,0,9.323669057,4.6,32,qled,1,16,0.014955515,4,0,0,1,0,0,0,1,0,0,0,2,big
786,rgl,1,0,9.998206649,4.45,43,led,1,25.6,0.00789366,4,0,0,1,4,1,2,2,0,0,0,2,small
787,rgl,0,1,9.85156248,4.55,43,led,0,19.2,0.007189129,3,0,0,1,1,0,1,2,1,0,0,2,small
788,rgl,1,0,10.51886236,4.75,55,led,0,25.6,0.005391018,3,0,0,1,3,1,2,2,0,1,1,2,small
789,wobble,0,1,9.852194258,4.5,43,led,1,19.2,0.008526765,4,0,0,1,1,0,1,2,1,0,0,2,medium
790,wobble,1,0,10.69194491,4.35,65,led,1,16,0.005437624,4,0,0,1,2,1,2,3,1,2,1,1,medium
791,wobble,1,0,10.4341158,4.4,50,qled,1,22.4,0.006470779,4,0,0,1,4,1,2,3,1,1,1,0,medium
792,wobble,1,0,10.54534144,4.5,55,qled,1,22.4,0.006039633,4,0,0,1,3,1,2,3,1,2,1,0,medium
793,wobble,1,0,10.16585182,4.25,43,qled,1,22.4,0.007846456,4,1,0,0,4,1,2,3,1,1,0,0,medium
794,blaupunkt,0,0,9.185022564,4,32,qled,1,16,0.013950149,4,0,0,1,0,0,0,3,0,0,0,1,medium
795,thomson,0,0,9.185022564,4.05,32,qled,0,16,0.012878244,3,0,0,1,0,0,0,3,0,0,0,1,big
796,motorola,1,0,10.69194491,4.55,65,qled,1,32,0.006308098,4,0,0,1,2,1,2,3,1,3,1,1,big
797,realme,1,0,10.37349118,4.35,55,led,1,32,0.006525204,4,0,0,1,3,1,2,2,1,1,1,2,big
798,motorola,1,0,10.40426284,4.15,55,qled,1,32,0.007419922,4,0,0,1,3,1,2,3,1,3,1,1,big
799,realme,1,0,10.65725935,4.5,65,led,1,32,0.005400127,4,0,0,1,2,1,2,2,1,2,1,2,big
800,haier,1,0,11.01024987,4.3,65,led,1,32,0.003909737,4,1,0,0,2,1,2,1,1,2,1,2,big
801,haier,1,0,10.63323182,4.3,55,led,1,32,0.005285611,4,1,0,0,3,1,2,1,1,2,1,2,big
802,croma,1,0,10.23963831,4.55,50,led,1,16,0.007802787,4,0,1,0,4,1,2,1,1,1,1,2,medium
803,vw,1,0,10.30895266,4.75,55,qled,1,16,0.008233608,4,0,0,1,3,1,2,3,1,2,1,1,big
804,motorola,0,1,10.02127059,4.05,43,qled,1,19.2,0.00720032,4,0,0,1,1,0,1,3,0,1,0,1,big
805,croma,0,1,9.121509158,4.75,32,led,0,16,0.011749117,3,0,1,0,0,0,0,1,0,0,0,2,medium
806,croma,1,0,10.08543404,4.15,43,led,0,16,0.007438516,3,0,1,0,4,1,2,1,1,1,0,2,medium
807,realme,1,0,10.32548196,4.2,55,qled,1,25.6,0.006885472,4,0,0,1,3,1,2,2,0,1,1,2,big
808,croma,1,0,10.51842992,4.15,55,qled,1,25.6,0.005609624,4,0,1,0,3,1,2,1,1,1,1,2,medium
809,hisense,1,0,10.64521059,4.4,55,led,1,16,0.005763277,4,0,0,1,3,1,2,3,1,2,1,1,big
810,haier,1,0,11.57110946,4.55,65,miniled,1,44.8,0.003434286,4,1,0,0,2,1,2,3,2,4,1,1,big
811,lg,1,0,11.27391926,4.6,55,miniled,1,38.4,0.004089408,4,1,0,0,3,1,2,1,1,4,1,2,big
812,onida,1,0,10.10618347,4.45,43,led,1,22.4,0.007812436,4,0,0,1,4,1,2,1,1,1,0,2,medium
813,vzy,1,0,10.23963831,4.45,43,qled,0,32,0.007790282,3,0,0,1,4,1,2,3,1,1,0,1,small
814,sansui,1,0,10.53185618,4,55,led,1,16,0.005334756,4,0,0,1,3,1,2,1,1,1,1,2,medium
815,onida,1,0,10.77895629,4.75,55,miniled,1,19.2,0.005739703,4,1,0,0,3,1,2,1,1,3,1,2,medium
816,kodak,1,0,10.71441777,4.45,65,qled,1,22.4,0.005537901,4,0,0,1,2,1,2,3,1,2,1,0,medium
817,haier,1,0,11.01024987,4.15,65,led,1,22.4,0.0032245,4,0,0,1,2,1,2,1,1,1,1,2,big
818,kodak,1,0,11.08214255,4.35,75,qled,1,25.6,0.004015446,4,0,0,1,1,1,2,3,1,3,1,0,medium
819,vu,1,0,11.45105006,4.5,75,qled,1,16,0.003686209,4,0,0,1,1,1,2,1,2,4,1,2,big
820,sansui,0,1,10.20325876,4.5,43,led,1,19.2,0.006669137,4,1,0,0,1,0,1,1,0,1,0,2,medium
821,sansui,1,0,12.34579741,4.3,77,qled,1,32,0.001542252,4,1,0,0,1,1,2,3,2,4,0,1,medium
822,lg,0,0,9.667828508,4.05,32,led,1,16,0.00871519,3,0,0,1,0,0,0,0,0,0,0,2,big
823,acer,1,0,10.23995979,4.75,50,qled,1,16,0.00933069,4,1,0,0,4,1,2,3,1,2,1,1,big
824,elista,1,0,10.16435069,4.7,43,led,1,16,0.007785054,4,0,0,1,4,1,2,1,1,1,0,2,small
825,croma,0,0,10.98514017,4.65,65,qled,1,32,0.004650788,4,0,1,0,2,1,2,3,1,3,1,1,medium
826,acer,1,0,10.69194491,4.3,65,led,1,16,0.005472852,4,0,0,1,2,1,2,3,1,2,1,1,big
827,acer,1,0,10.34174248,4.4,55,led,1,16,0.007664763,4,1,0,0,3,1,2,3,1,2,1,1,big
828,wobble,1,0,9.928180165,4.15,43,led,1,16,0.009919996,4,1,0,0,4,1,2,2,1,1,0,2,medium
829,toshiba,1,0,12.34579741,4.15,77,qled,1,16,0.001542252,4,1,0,0,1,1,2,3,1,4,0,1,big
830,metz,0,0,9.546812609,4.1,32,qled,1,16,0.010250732,4,0,0,1,0,0,0,1,2,0,0,2,small
831,tcl,1,0,12.34579741,4.4,77,miniled,1,44.8,0.001542252,3,0,1,0,1,1,2,1,2,4,0,2,big
832,metz,0,1,10.49127422,4.25,43,qled,1,19.2,0.00507653,4,0,0,1,1,0,1,1,0,1,0,2,small
833,toshiba,1,0,11.25803322,4.2,75,qled,1,28.8,0.00357682,4,1,0,0,1,1,2,3,1,3,1,1,big
834,motorola,1,0,11.05089001,4.35,75,qled,1,32,0.004211972,4,0,0,1,1,1,2,2,1,3,1,2,big
835,metz,1,0,10.1266311,4.25,43,qled,1,32,0.009350374,4,0,0,1,4,1,2,2,1,2,0,2,small
836,metz,1,0,10.93310697,4.15,65,led,1,32,0.003927749,4,0,0,1,2,1,2,2,1,2,1,2,small
837,metz,1,0,11.00209984,4.35,65,qled,1,32,0.004712579,4,0,0,1,2,1,2,2,1,3,1,2,small
838,metz,1,0,10.49127422,4.3,55,led,1,32,0.00585294,4,0,0,1,3,1,2,2,0,1,1,2,small
839,sansui,1,0,10.97662818,4.05,65,qled,1,32,0.004500769,4,1,0,0,2,1,2,2,1,3,1,2,medium
840,blaupunkt,1,0,10.1266311,4.05,50,qled,1,16,0.007290292,4,0,0,1,4,1,2,3,1,1,1,1,medium
841,blaupunkt,1,0,10.27505111,4.05,55,qled,1,16,0.006424359,4,0,0,1,3,1,2,3,1,1,1,1,medium
842,tcl,1,0,11.08214255,4.65,65,qled,1,16,0.004650072,4,0,0,1,2,1,2,1,1,3,1,2,big
843,tcl,1,0,11.51292546,4.3,75,qled,1,16,0.002881029,4,0,0,1,1,1,2,1,1,4,1,2,big
844,thomson,1,0,10.23995979,4.75,55,qled,1,16,0.00780385,4,0,0,1,3,1,2,3,1,1,1,1,big
845,nacson,0,1,9.903487553,4.45,43,led,1,19.2,0.008232912,4,0,0,1,1,0,1,2,2,0,0,2,small
846,bpl,0,0,9.432763664,4.6,32,led,1,16,0.011417134,4,0,0,1,0,0,0,1,1,0,0,2,small
847,panasonic,1,0,10.7501495,4.6,55,led,1,16,0.005227721,4,0,0,1,3,1,2,1,1,2,1,2,big
848,skylive,0,0,9.121509158,4.1,32,led,1,16,0.014955515,4,0,0,1,0,0,0,1,1,0,0,2,small
849,croma,1,0,10.30865262,4.55,50,led,1,32,0.007282427,4,0,1,0,4,1,2,1,1,1,1,2,medium
850,sansui,0,0,9.45720045,4.6,32,qled,1,16,0.013657317,4,0,0,1,0,0,0,1,0,0,0,2,medium
851,coocaa,0,1,10.04324949,4.65,50,led,1,19.2,0.007076395,4,0,0,1,0,0,1,1,1,0,1,2,medium
852,nacson,0,0,9.392661929,4.2,32,qled,1,16,0.013301108,4,0,0,1,0,0,0,2,2,0,0,2,small
853,sansui,1,0,11.32648745,4.1,75,qled,1,32,0.003310037,4,1,0,0,1,1,2,2,1,4,1,2,medium
854,sansui,0,1,10.02087051,4.35,43,led,1,19.2,0.007930191,4,0,0,1,1,0,1,1,0,1,0,2,medium
855,sansui,0,1,9.998388558,4.25,43,led,1,19.2,0.006957708,4,1,0,0,1,0,1,1,1,0,0,2,medium
856,sansui,0,1,10.27474072,4.55,43,led,1,32,0.00690583,4,1,0,0,1,0,1,2,1,1,0,2,medium
857,tcl,1,0,11.77528973,4.75,75,qled,1,44.8,0.002850022,4,0,0,1,1,1,2,1,2,4,1,2,big
858,nacson,0,0,9.432763664,4.45,32,led,1,16,0.011044836,4,0,0,1,0,0,0,1,1,0,0,2,small
859,panasonic,1,0,10.261162,4.5,43,led,1,16,0.007395363,4,0,0,1,4,1,2,1,1,1,0,2,big
860,blaupunkt,0,0,9.121509158,4.35,32,qled,1,16,0.014955515,4,0,0,1,0,0,0,3,0,0,0,1,medium
861,lg,1,0,12.34579741,4,77,miniled,1,44.8,0.001542252,4,0,1,0,1,1,2,3,2,4,0,1,big
862,sansui,0,0,9.424725682,4.6,32,led,1,16,0.011509282,4,1,0,0,0,0,0,1,1,0,0,2,medium
863,hisense,1,0,10.54510457,4.45,58,led,1,25.6,0.005856804,4,0,0,1,2,1,2,1,1,1,1,2,big
864,sansui,0,0,9.456497078,4.45,32,qled,1,16,0.011481626,4,1,0,0,0,0,0,1,1,0,0,2,medium
865,uniboom,0,0,9.121509158,4.05,32,led,0,16,0.010917843,3,1,0,0,0,0,0,2,0,0,0,2,medium
866,innoq,0,0,9.121509158,4,32,led,1,16,0.014955515,4,0,0,1,0,0,0,2,0,0,0,2,small
867,hisense,0,1,9.788020583,4.3,40,led,1,19.2,0.007722528,3,0,0,1,1,0,1,1,0,0,0,2,big
868,blaupunkt,1,0,10.98529272,4.5,65,led,1,16,0.004881439,4,0,0,1,2,1,2,0,1,3,1,2,medium
869,realme,1,0,10.69194491,4.15,65,qled,1,22.4,0.004810337,4,0,0,1,2,1,2,3,0,2,1,1,big
870,uniboom,0,1,9.546169545,4.5,43,led,0,19.2,0.010293066,3,1,0,0,1,0,1,2,1,0,0,2,medium
871,realme,1,0,10.23995979,4.25,50,qled,1,22.4,0.007285974,4,0,0,1,4,1,2,3,0,1,1,1,big
872,innoq,0,0,9.981836519,4.15,32,led,0,16,0.004796801,3,0,0,1,0,0,0,2,0,0,0,2,small
873,croma,0,1,9.951849053,4.2,43,led,1,19.2,0.008604097,4,0,1,0,1,0,1,1,0,1,0,2,medium
874,panasonic,0,0,9.825039406,4.4,32,led,1,16,0.008328826,4,0,1,0,0,0,0,1,2,0,0,2,big
875,croma,0,0,9.209439967,4.3,32,led,1,16,0.013343343,4,0,1,0,0,0,0,1,0,0,0,2,medium
876,realme,1,0,10.34174248,4.25,55,led,1,25.6,0.006169554,4,0,0,1,3,1,2,2,1,1,1,2,big
877,croma,1,0,10.91492481,4.2,65,qled,1,32,0.004353519,4,0,1,0,2,1,2,1,1,3,1,2,medium
878,realme,1,0,10.27505111,4.3,50,led,1,25.6,0.006524363,4,0,0,1,4,1,2,2,1,1,1,2,big
879,vu,1,0,10.4341158,4.3,55,qled,1,16,0.007841407,4,1,0,0,3,1,2,1,1,3,1,2,big
880,toshiba,1,0,10.59640971,4.6,55,qled,1,16,0.00644161,4,1,0,0,3,1,2,1,1,2,1,2,big
881,lg,1,0,11.87059991,4.2,75,qned,1,19.2,0.001820992,3,0,0,1,1,1,2,1,1,3,1,2,big
882,kodak,0,0,9.121509158,4.25,32,led,0,16,0.014955515,3,0,0,1,0,0,0,2,0,0,0,2,medium
883,coocaa,1,0,10.49127422,4.3,65,led,1,32,0.006569627,4,0,0,1,2,1,2,2,1,2,1,2,medium
884,tcl,1,0,11.91839057,4.1,75,miniled,1,44.8,0.002159348,3,0,0,1,1,1,2,1,2,4,1,2,big
885,philips,1,0,10.54534144,4.5,55,qled,1,32,0.007342298,4,1,0,0,3,1,2,2,1,3,1,2,big
886,iffalcon,1,0,10.59663473,4.25,55,qled,1,32,0.006375159,3,0,0,1,3,1,2,1,2,3,1,2,big
887,nu,1,0,10.22194128,4.1,43,qled,1,16,0.007156624,4,1,0,0,4,1,2,1,1,1,0,2,small
888,nu,0,0,9.392661929,4.2,32,qled,1,16,0.013301108,4,1,0,0,0,0,0,1,2,0,0,2,small
889,philips,0,1,10.04324949,4.65,43,led,1,19.2,0.008491674,4,1,0,0,1,0,1,1,2,1,0,2,big
890,coocaa,1,0,10.40426284,4.3,55,qled,1,32,0.007557805,4,1,0,0,3,1,2,3,1,3,1,1,medium
891,coocaa,0,0,9.121509158,4.2,32,led,1,16,0.014652867,3,0,0,1,0,0,0,2,0,0,0,2,medium
892,lg,1,0,12.10066213,4.2,77,led,1,19.2,0.001586755,4,1,0,0,1,1,2,1,1,4,0,2,big
893,sony,1,0,12.34579741,4.35,75,miniled,1,44.8,0.001542252,4,1,0,0,1,1,2,1,2,4,1,2,big
894,lg,1,0,11.46153743,4.7,65,qned,1,19.2,0.002770818,3,0,0,1,2,1,2,1,1,2,1,2,big
895,thomson,1,0,9.952277717,4.35,43,qled,1,16,0.010150483,4,0,0,1,4,1,2,3,1,1,0,1,big
896,tcl,1,0,11.77528973,4.45,77,qled,1,32,0.00263579,3,0,0,1,1,1,2,1,2,4,0,2,big
897,haier,1,0,10.23995979,4.15,43,led,1,16,0.006818101,4,0,0,1,4,1,2,0,1,1,0,2,big
898,acerpure,0,0,10.91508846,4.5,65,qled,1,22.4,0.005236459,4,1,0,0,2,1,2,3,1,3,1,1,medium
899,lg,1,0,11.95761129,4.4,65,oled,1,44.8,0.002228219,4,0,0,1,2,1,2,1,2,4,1,2,big
900,tcl,1,0,12.34579546,4.65,77,qled,1,44.8,0.001617462,3,1,0,0,1,1,2,1,2,4,0,2,big
901,blaupunkt,0,0,9.305650552,4.05,32,qled,1,16,0.013623966,4,0,0,1,0,0,0,3,0,0,0,1,medium
902,blaupunkt,1,0,10.6454249,4.3,65,qled,1,16,0.005835853,4,0,0,1,2,1,2,3,1,3,1,0,medium
903,lg,1,0,10.71421775,4.15,43,qned,1,22.4,0.004243165,4,0,0,1,4,1,2,1,1,1,0,2,big
904,beston,0,0,9.121509158,4.2,32,led,1,16,0.014934993,4,0,0,1,0,0,0,1,0,0,0,2,medium
905,beston,1,0,10.18866649,4.45,55,qled,1,28.8,0.008030377,4,0,0,1,3,1,2,2,1,1,1,2,medium
906,beston,0,0,9.126958763,4,32,qled,1,16,0.014955515,4,0,0,1,0,0,0,2,2,0,0,2,medium
907,beston,0,1,9.560997244,4.4,43,led,1,19.2,0.010845834,4,0,0,1,1,0,1,1,1,0,0,2,medium
908,hisense,1,0,12.34579741,4.1,65,qled,1,44.8,0.001542252,4,1,0,0,2,1,2,3,2,4,1,1,big
909,beston,0,1,9.480367509,4.05,40,led,1,19.2,0.011439805,4,0,0,1,1,0,1,1,1,0,0,2,medium
910,beston,1,0,10.84933709,4.05,75,qled,1,22.4,0.004482611,4,0,0,1,1,1,2,2,1,3,1,1,medium
911,tcl,1,0,11.35040654,4.2,75,qled,1,32,0.003458864,3,0,0,1,1,1,2,1,2,4,1,2,big
912,philips,0,1,10.04324949,4.5,43,led,1,19.2,0.007435106,4,0,0,1,1,0,1,1,1,0,0,2,big
913,philips,0,0,9.546812609,4,32,led,1,16,0.008857776,4,0,0,1,0,0,0,1,1,0,0,2,big
914,tcl,1,0,11.22512339,4.55,75,qled,1,16,0.003883184,4,0,0,1,1,1,2,1,1,3,1,2,big
915,croma,1,0,10.23963831,4.25,43,qled,1,32,0.008503037,4,0,1,0,4,1,2,3,1,2,0,1,medium
916,lg,1,0,12.30088725,4.05,65,oled,1,32,0.001542252,4,0,1,0,2,1,2,3,2,4,1,1,big
917,samsung,1,0,11.07443601,4.15,65,led,1,19.2,0.003603101,3,0,0,1,2,1,2,1,1,2,1,2,big
918,lg,1,0,11.09133097,4.55,55,miniled,1,19.2,0.004716535,4,0,0,1,3,1,2,1,1,4,1,2,big
919,hisense,0,0,9.472704636,4.15,32,qled,1,16,0.012450958,4,0,0,1,0,0,0,2,2,0,0,2,big
920,haier,1,0,12.0996004,4,75,miniled,1,32,0.001757518,4,0,0,1,1,1,2,3,2,4,1,1,big
921,haier,1,0,11.86990036,4.3,65,miniled,1,32,0.002347112,4,0,0,1,2,1,2,3,2,4,1,1,big
922,tcl,1,0,11.22512339,4.25,75,qled,1,32,0.004080544,3,1,0,0,1,1,2,1,2,4,1,2,big
923,tcl,1,0,11.28966941,4.75,75,qled,1,32,0.004216152,3,1,0,0,1,1,2,1,2,4,1,2,big
924,tcl,1,0,11.05058837,4.7,65,qled,1,19.2,0.004925373,3.4,0,0,1,2,1,2,1,2,3,1,2,big
925,tcl,1,0,11.46163217,4.75,75,miniled,1,16,0.003700039,3,0,0,1,1,1,2,1,1,4,1,2,big
926,tcl,1,0,10.46284616,4.35,55,led,1,16,0.006216062,3,1,0,0,3,1,2,1,1,1,1,2,big
927,thomson,0,0,9.121509158,4.4,32,led,0,16,0.012159495,3,0,0,1,0,0,0,1,0,0,0,2,big
928,thomson,0,0,9.121509158,4.6,32,led,0,16,0.014955515,3,0,0,1,0,0,0,1,0,0,0,2,big
929,haier,1,0,10.75771137,4.6,55,qled,1,32,0.005482017,4,1,0,0,3,1,2,2,1,2,1,2,big
930,infinix,0,0,9.121509158,4.6,32,qled,1,16,0.014955515,4,0,0,1,0,0,0,0,0,0,0,2,medium
931,haier,1,0,12.04355372,4.65,65,oled,1,32,0.002215601,4,0,0,1,2,1,2,3,2,4,1,1,big
932,onida,1,0,10.75771137,4.45,55,led,0,16,0.004450947,3,0,0,1,3,1,2,1,1,1,1,2,medium
933,samsung,1,0,11.00194983,4.55,65,led,1,22.4,0.004399067,3,0,0,1,2,1,2,1,1,3,1,2,big
934,samsung,1,0,11.99467855,4.1,65,miniled,1,38.4,0.00195009,4,0,0,1,2,1,2,3,2,4,1,1,big
935,xiaomi,1,0,10.40426284,4.45,55,led,1,32,0.006877481,4,1,0,0,3,1,2,2,1,2,1,2,big
936,samsung,1,0,11.9316358,4.6,65,oled,1,44.8,0.002451332,4,1,0,0,2,1,2,3,2,4,1,1,big
937,xiaomi,1,0,10.18490001,4.15,43,led,1,19.2,0.008143704,4,1,0,0,4,1,2,2,1,2,0,2,big
938,xiaomi,0,1,9.998797732,4.65,43,led,1,19.2,0.00782081,4,1,0,0,1,0,1,1,0,0,0,2,big
939,samsung,1,0,12.34579741,4.65,75,miniled,1,32,0.001542252,4,0,1,0,1,1,2,3,2,4,1,1,big
940,samsung,1,0,12.34579741,4.75,77,miniled,1,32,0.001542252,4,0,0,1,1,1,2,3,2,4,0,1,big
941,samsung,1,0,11.01864554,4.7,50,qled,1,22.4,0.004314754,4,0,0,1,4,1,2,1,1,2,1,2,big
942,tcl,1,0,11.11231356,4,75,led,1,16,0.003403493,4,1,0,0,1,1,2,2,1,3,1,2,big
943,samsung,1,0,11.79427,4.75,75,qled,1,22.4,0.002402068,3,0,0,1,1,1,2,1,1,4,1,2,big
944,samsung,1,0,12.34579741,4.7,75,qled,1,32,0.001542252,4,0,1,0,1,1,2,3,1,4,1,1,big
945,samsung,1,0,12.34579741,4.05,77,qled,1,32,0.001542252,4,0,1,0,1,1,2,1,2,4,0,2,big
946,tcl,1,0,10.81959827,4,65,led,1,16,0.004320864,3,1,0,0,2,1,2,0,1,2,1,2,big
947,samsung,1,0,10.64521059,4.1,55,led,1,22.4,0.005272684,3,1,0,0,3,1,2,1,1,2,1,2,big
948,toshiba,0,0,9.472012089,4.5,32,qled,1,16,0.012817552,4,1,0,0,0,0,0,2,2,0,0,2,big
949,samsung,0,0,9.628458426,4.75,32,led,1,16,0.011570112,3,0,0,1,0,0,0,1,0,0,0,2,big
950,realme,1,0,10.03889219,4.75,43,led,1,32,0.009749334,4,0,0,1,4,1,2,3,1,1,0,1,big
951,thomson,1,0,10.6454249,4,65,qled,1,16,0.00523822,4,0,0,1,2,1,2,3,1,2,1,1,big
952,thomson,1,0,10.23995979,4.65,50,qled,1,16,0.008636023,4,0,0,1,4,1,2,3,1,2,1,1,big
953,samsung,1,0,12.0256952,4.05,65,miniled,1,32,0.001818971,4,1,0,0,2,1,2,3,1,4,1,1,big
954,thomson,1,0,10.34174248,4.4,55,qled,1,16,0.007664763,4,0,0,1,3,1,2,3,1,2,1,1,big
955,tcl,1,0,10.89842309,4.55,65,qled,1,16,0.005047144,4,0,0,1,2,1,2,1,1,3,1,2,big
956,samsung,1,0,10.64518677,4.3,50,led,1,19.2,0.005427612,3,0,0,1,4,1,2,1,1,2,1,2,big
957,samsung,1,0,10.66874607,4.55,50,led,1,22.4,0.005715283,3,0,0,1,4,1,2,1,1,2,1,2,big
958,samsung,1,0,10.99969696,4.35,43,qled,1,19.2,0.004215187,4,0,0,1,4,1,2,1,1,3,0,2,big
959,samsung,1,0,11.33488672,4.75,65,qled,1,22.4,0.003462182,3,0,1,0,2,1,2,1,1,3,1,2,big
960,samsung,1,0,11.77708043,4.25,65,qled,1,28.8,0.002251751,4,0,0,1,2,1,2,1,1,4,1,2,big
961,samsung,1,0,10.71343951,4.4,50,qled,1,19.2,0.005383161,3,0,0,1,4,1,2,1,1,2,1,2,big
962,lumio,1,0,10.40426284,4.4,50,qled,1,16,0.007733568,4,1,0,0,4,1,2,2,2,3,1,2,big
963,haier,0,0,9.769441742,4.3,32,led,1,16,0.009096627,4,0,1,0,0,0,0,1,0,0,0,2,big
964,uniboom,0,0,9.121509158,4.45,32,led,0,16,0.014955515,3,0,0,1,0,0,0,2,0,0,0,2,medium
965,uniboom,0,0,9.121509158,4,32,led,1,16,0.014955515,4,0,0,1,0,0,0,2,0,0,0,2,medium
966,vu,1,0,11.37355994,4.45,75,qled,1,16,0.003887803,4,1,0,0,1,1,2,1,2,4,1,2,big
967,foxsky,0,0,9.121509158,4.6,32,led,1,16,0.014955515,4,0,0,1,0,0,0,2,0,0,0,2,medium
968,reliance,0,1,9.769441742,4.55,43,led,1,19.2,0.009105203,4,0,0,1,1,0,1,1,0,0,0,2,medium
969,toshiba,1,0,12.34579741,4.5,77,qled,1,16,0.001542252,4,0,0,1,1,1,2,3,1,4,0,1,big
970,lg,1,0,11.51283546,4,55,oled,1,28.8,0.002960296,4,0,0,1,3,1,2,1,1,4,1,2,big
971,hyundai,1,0,10.32229657,4,50,led,1,16,0.005789093,4,0,0,1,4,1,2,1,1,1,1,2,small
972,toshiba,1,0,11.69524702,4.2,77,led,1,16,0.00245002,4,0,0,1,1,1,2,3,1,4,0,1,big
973,onida,1,0,10.20370325,4.35,43,qled,1,16,0.008538256,4,0,0,1,4,1,2,1,1,2,0,2,medium
974,blackdecker,1,0,10.46310334,4.2,55,led,1,16,0.006600189,4,1,0,0,3,1,2,2,1,2,1,2,small
975,blackdecker,1,0,10.1266311,4.25,43,led,1,16,0.008840354,4,1,0,0,4,1,2,2,1,2,0,2,small
976,reliance,0,1,9.903037451,4.1,43,led,1,19.2,0.008614307,4,0,0,1,1,0,1,1,2,1,0,2,medium
977,reliance,0,0,9.526318314,4.1,32,qled,1,16,0.010761939,4,0,0,1,0,0,0,1,2,0,0,2,medium
978,reliance,0,0,9.503830545,4.45,32,led,1,16,0.011946309,4,0,0,1,0,0,0,1,2,0,0,2,medium
979,innoq,0,1,9.546169545,4.05,43,led,1,19.2,0.009842745,4,0,0,1,1,0,1,2,1,0,0,2,small
980,innoq,0,0,9.121509158,4.55,32,led,0,16,0.014955515,3,0,0,1,0,0,0,2,0,0,0,2,small
981,acer,1,0,11.8913619,4.5,77,qled,1,16,0.002373304,4,1,0,0,1,1,2,3,1,4,0,1,big
982,acer,1,0,11.5228758,4.35,75,qled,1,16,0.003144091,4,1,0,0,1,1,2,3,1,4,1,1,big
983,aiwa,1,0,10.58529569,4.75,55,qled,1,16,0.006605897,4,0,0,1,3,1,2,1,1,2,1,2,small
984,tseries,0,0,9.36828385,4.7,32,qled,0,16,0.014850555,3,0,0,1,0,0,0,1,2,0,0,2,small
985,onida,0,0,9.465060107,4.5,32,led,1,16,0.01255814,4,0,0,1,0,0,0,1,2,0,0,2,medium
986,haier,1,0,10.93844981,4.1,55,qled,1,32,0.004515178,4,0,0,1,3,1,2,2,2,3,1,2,big
987,acer,1,0,11.19821472,4.1,55,led,1,16,0.003089083,4,0,0,1,3,1,2,3,1,2,1,1,big
988,coocaa,0,1,10.30895266,4.05,43,led,1,19.2,0.004725158,3,0,0,1,1,0,1,1,0,0,0,2,medium
989,sansui,0,0,9.424725682,4.35,32,led,1,16,0.010883777,4,0,0,1,0,0,0,1,1,0,0,2,medium
990,acerpure,1,0,10.73639668,4.7,65,qled,1,16,0.005619687,4,0,0,1,2,1,2,1,0,2,1,2,medium
991,wobble,1,0,10.40426284,4,55,led,1,22.4,0.005818358,4,1,0,0,3,1,2,1,1,1,1,2,medium
992,wobble,1,0,10.27505111,4.3,50,led,1,22.4,0.006969206,4,1,0,0,4,1,2,1,1,1,1,2,medium
993,sony,1,0,12.34579741,4.5,77,led,1,16,0.001542252,4,0,0,1,1,1,2,1,1,4,0,2,big
994,bpl,1,0,10.62315494,4,50,led,1,25.6,0.004284949,4,0,0,1,4,1,2,2,1,1,1,1,small
995,samsung,1,0,10.30865262,4.3,43,led,1,25.6,0.007169056,4,1,0,0,4,1,2,1,1,1,0,2,big
996,marq,0,0,9.121509158,4,32,led,0,16,0.013587469,3,0,0,1,0,0,0,1,0,0,0,2,medium
997,bazeegar,1,0,9.952277717,4.25,43,qled,1,22.4,0.008905186,3,1,0,0,4,1,2,1,2,1,0,2,small
998,sony,1,0,11.87750608,4.35,75,led,1,16,0.002144941,4,1,0,0,1,1,2,1,1,4,1,2,big
999,wobble,1,0,10.37349118,4,50,qled,1,16,0.006500203,4,1,0,0,4,1,2,1,1,2,1,2,medium
1000,skylive,0,0,9.660268837,4.2,40,led,1,16,0.009106562,4,0,0,1,0,0,0,1,1,0,0,2,small
